1	4xxx	14529	U
2	4xxx	4001	U
3	4xxx	4002	U
4	4xxx	4009	U
5	4xxx	4010	U
6	4xxx	40106	U
7	4xxx	4011	U
8	4xxx	4012	U
9	4xxx	4013	U
10	4xxx	4016	U
11	4xxx	4017	U
12	4xxx	4020	U
13	4xxx	4021	U
14	4xxx	4022	U
15	4xxx	4023	U
16	4xxx	4025	U
17	4xxx	4027	U
18	4xxx	4028	U
19	4xxx	4029	U
20	4xxx	4040	U
21	4xxx	4046	U
22	4xxx	4047	U
23	4xxx	4049	U
24	4xxx	4050	U
25	4xxx	4051	U
26	4xxx	4052	U
27	4xxx	4053	U
28	4xxx	4056	U
29	4xxx	4069	U
30	4xxx	4070	U
31	4xxx	4071	U
32	4xxx	4072	U
33	4xxx	4073	U
34	4xxx	4075	U
35	4xxx	4077	U
36	4xxx	4081	U
37	4xxx	4098	U
38	4xxx	4504	U
39	4xxx	4510	U
40	4xxx	4518	U
41	4xxx	4520	U
42	4xxx	4538	U
43	4xxx	4543	U
44	4xxx	HEF4093B	U
45	Analog	AD5593R	U
46	Analog	AD630ARZ	U
47	Analog	AD654JN	U
48	Analog	AD654JR	U
49	Analog	LF398H	U
50	Analog	LF398_DIP8	U
51	Analog	LF398_SOIC14	U
52	Analog	MLX90314xDF	U
53	Analog	MLX90320xFR	U
54	Analog	MPY634KP	U
55	Analog	MPY634KU	U
56	Analog	PGA112	U
57	Device	Amperemeter_AC	MES
58	Device	Amperemeter_DC	MES
59	Device	Antenna	AE
60	Device	Antenna_Chip	AE
61	Device	Antenna_Dipole	AE
62	Device	Antenna_Loop	AE
63	Device	Antenna_Shield	AE
64	Device	Battery	BT
65	Device	Battery_Cell	BT
66	Device	Buzzer	BZ
67	Device	C	C
68	Device	CP	C
69	Device	CP1	C
70	Device	CP1_Small	C
71	Device	CP_Small	C
72	Device	CTRIM	C
73	Device	CTRIM_DIF	C
74	Device	CTRIM_Small	C
75	Device	C_Feedthrough	C
76	Device	C_Small	C
77	Device	C_Variable	C
78	Device	CircuitBreaker_1P	CB
79	Device	CircuitBreaker_1P_US	CB
80	Device	CircuitBreaker_2P	CB
81	Device	CircuitBreaker_2P_US	CB
82	Device	CircuitBreaker_3P	CB
83	Device	CircuitBreaker_3P_US	CB
84	Device	Crystal	Y
85	Device	Crystal_GND2	Y
86	Device	Crystal_GND23	Y
87	Device	Crystal_GND23_Small	Y
88	Device	Crystal_GND24	Y
89	Device	Crystal_GND24_Small	Y
90	Device	Crystal_GND2_Small	Y
91	Device	Crystal_GND3	Y
92	Device	Crystal_GND3_Small	Y
93	Device	Crystal_Small	Y
94	Device	D	D
95	Device	DIAC	D
96	Device	DIAC_ALT	D
97	Device	D_AAK	D
98	Device	D_ALT	D
99	Device	D_Bridge_+-AA	D
100	Device	D_Bridge_+A-A	D
101	Device	D_Bridge_+AA-	D
102	Device	D_Bridge_-A+A	D
103	Device	D_Bridge_-AA+	D
104	Device	D_Capacitance	D
105	Device	D_Capacitance_ALT	D
106	Device	D_KAA	D
107	Device	D_KAK	D
108	Device	D_KKA	D
109	Device	D_Photo	D
110	Device	D_Photo_ALT	D
111	Device	D_Radiation	D
112	Device	D_Radiation_ALT	D
113	Device	D_Schottky	D
114	Device	D_Schottky_AAK	D
115	Device	D_Schottky_AKA	D
116	Device	D_Schottky_AKK	D
117	Device	D_Schottky_ALT	D
118	Device	D_Schottky_KAA	D
119	Device	D_Schottky_KAK	D
120	Device	D_Schottky_KKA	D
121	Device	D_Schottky_Small	D
122	Device	D_Schottky_Small_ALT	D
123	Device	D_Schottky_x2_ACom_AKK	D
124	Device	D_Schottky_x2_ACom_KAK	D
125	Device	D_Schottky_x2_ACom_KKA	D
126	Device	D_Schottky_x2_KCom_AAK	D
127	Device	D_Schottky_x2_KCom_AKA	D
128	Device	D_Schottky_x2_KCom_KAA	D
129	Device	D_Schottky_x2_Serial_ACK	D
130	Device	D_Schottky_x2_Serial_AKC	D
131	Device	D_Schottky_x2_Serial_CAK	D
132	Device	D_Schottky_x2_Serial_CKA	D
133	Device	D_Schottky_x2_Serial_KAC	D
134	Device	D_Schottky_x2_Serial_KCA	D
135	Device	D_Shockley	D
136	Device	D_SiPM	D
137	Device	D_Small	D
138	Device	D_Small_ALT	D
139	Device	D_TVS	D
140	Device	D_TVS_ALT	D
141	Device	D_TVS_x2_AAC	D
142	Device	D_TVS_x2_ACA	D
143	Device	D_TVS_x2_CAA	D
144	Device	D_Temperature_Dependent	D
145	Device	D_Temperature_Dependent_ALT	D
146	Device	D_Tunnel	D
147	Device	D_Tunnel_ALT	D
148	Device	D_Unitunnel	D
149	Device	D_Unitunnel_ALT	D
150	Device	D_Zener	D
151	Device	D_Zener_ALT	D
152	Device	D_Zener_Small	D
153	Device	D_Zener_Small_ALT	D
154	Device	D_Zener_x2_ACom_AKK	D
155	Device	D_Zener_x2_ACom_KAK	D
156	Device	D_Zener_x2_ACom_KKA	D
157	Device	D_Zener_x2_KCom_AAK	D
158	Device	D_Zener_x2_KCom_AKA	D
159	Device	D_Zener_x2_KCom_KAA	D
160	Device	D_x2_ACom_AKK	D
161	Device	D_x2_ACom_KAK	D
162	Device	D_x2_ACom_KKA	D
163	Device	D_x2_KCom_AAK	D
164	Device	D_x2_KCom_AKA	D
165	Device	D_x2_KCom_KAA	D
166	Device	D_x2_Serial_ACK	D
167	Device	D_x2_Serial_AKC	D
168	Device	D_x2_Serial_CAK	D
169	Device	D_x2_Serial_CKA	D
170	Device	D_x2_Serial_KAC	D
171	Device	D_x2_Serial_KCA	D
172	Device	Delay_Line	L
173	Device	EMI_Filter_CLC	FL
174	Device	EMI_Filter_LCL	FL
175	Device	EMI_Filter_LL	FL
176	Device	EMI_Filter_LL_1423	FL
177	Device	Earphone	LS
178	Device	Electromagnetic_Actor	L
179	Device	Ferrite_Bead	FB
180	Device	Ferrite_Bead_Small	FB
181	Device	Frequency_Counter	MES
182	Device	Fuse	F
183	Device	Fuse_Polarized	F
184	Device	Fuse_Polarized_Small	F
185	Device	Fuse_Small	F
186	Device	Galvanometer	MES
187	Device	Hall_Generator	HG
188	Device	Heater	R
189	Device	Jumper	JP
190	Device	Jumper_NC_Dual	JP
191	Device	Jumper_NC_Small	JP
192	Device	Jumper_NO_Small	JP
193	Device	L	L
194	Device	LED	D
195	Device	LED_ABRG	D
196	Device	LED_ALT	D
197	Device	LED_ARBG	D
198	Device	LED_ARGB	D
199	Device	LED_BARG	D
200	Device	LED_BGRA	D
201	Device	LED_CRGB	D
202	Device	LED_Dual_2pin	D
203	Device	LED_Dual_AAC	D
204	Device	LED_Dual_AACC	D
205	Device	LED_Dual_ACA	D
206	Device	LED_Dual_ACAC	D
207	Device	LED_Dual_CAC	D
208	Device	LED_Dual_CACA	D
209	Device	LED_Dual_CCA	D
210	Device	LED_PAD	D
211	Device	LED_RABG	D
212	Device	LED_RAGB	D
213	Device	LED_RCBG	D
214	Device	LED_RCGB	D
215	Device	LED_RGB	D
216	Device	LED_RGBA	D
217	Device	LED_RGBC	D
218	Device	LED_RGB_EP	D
219	Device	LED_Series	D
220	Device	LED_Series_PAD	D
221	Device	LED_Small	D
222	Device	LED_Small_ALT	D
223	Device	LTRIM	L
224	Device	L_Core_Ferrite	L
225	Device	L_Core_Ferrite_Coupled	L
226	Device	L_Core_Ferrite_Coupled_1243	L
227	Device	L_Core_Ferrite_Coupled_1324	L
228	Device	L_Core_Ferrite_Coupled_1342	L
229	Device	L_Core_Ferrite_Coupled_1423	L
230	Device	L_Core_Ferrite_Coupled_Small	L
231	Device	L_Core_Ferrite_Coupled_Small_1243	L
232	Device	L_Core_Ferrite_Coupled_Small_1324	L
233	Device	L_Core_Ferrite_Coupled_Small_1342	L
234	Device	L_Core_Ferrite_Coupled_Small_1423	L
235	Device	L_Core_Ferrite_Small	L
236	Device	L_Core_Iron	L
237	Device	L_Core_Iron_Coupled	L
238	Device	L_Core_Iron_Coupled_1243	L
239	Device	L_Core_Iron_Coupled_1324	L
240	Device	L_Core_Iron_Coupled_1342	L
241	Device	L_Core_Iron_Coupled_1423	L
242	Device	L_Core_Iron_Coupled_Small	L
243	Device	L_Core_Iron_Coupled_Small_1243	L
244	Device	L_Core_Iron_Coupled_Small_1324	L
245	Device	L_Core_Iron_Coupled_Small_1342	L
246	Device	L_Core_Iron_Coupled_Small_1423	L
247	Device	L_Core_Iron_Small	L
248	Device	L_Coupled	L
249	Device	L_Coupled_1243	L
250	Device	L_Coupled_1324	L
251	Device	L_Coupled_1342	L
252	Device	L_Coupled_1423	L
253	Device	L_Coupled_Small	L
254	Device	L_Coupled_Small_1243	L
255	Device	L_Coupled_Small_1324	L
256	Device	L_Coupled_Small_1342	L
257	Device	L_Coupled_Small_1423	L
258	Device	L_Small	L
259	Device	Lamp	LA
260	Device	Lamp_Flash	LA
261	Device	Lamp_Neon	NE
262	Device	Laserdiode_1A3C	LD
263	Device	Laserdiode_1C2A	LD
264	Device	Laserdiode_M_TYPE	LD
265	Device	Laserdiode_N_TYPE	LD
266	Device	Laserdiode_P_TYPE	LD
267	Device	MEMRISTOR	MR
268	Device	Microphone	MK
269	Device	Microphone_Condenser	MK
270	Device	Microphone_Crystal	MK
271	Device	Net-Tie_2	NT
272	Device	Net-Tie_3	NT
273	Device	Net-Tie_3_Tee	NT
274	Device	Net-Tie_4	NT
275	Device	Net-Tie_4_Cross	NT
276	Device	Ohmmeter	MES
277	Device	Opamp_Dual_Generic	U
278	Device	Opamp_Quad_Generic	U
279	Device	Oscilloscope	MES
280	Device	Peltier_Element	PE
281	Device	Polyfuse	F
282	Device	Polyfuse_Small	F
283	Device	Q_DUAL_NMOS_G1S2G2D2S1D1	Q
284	Device	Q_DUAL_NMOS_S1G1D2S2G2D1	Q
285	Device	Q_DUAL_NPN_C2C1E1E2	Q
286	Device	Q_DUAL_NPN_NPN_BRT_E1B1C2E2B2C1	Q
287	Device	Q_DUAL_NPN_NPN_C2E2C1E1B1B2	Q
288	Device	Q_DUAL_NPN_NPN_E1B1C2E2B2C1	Q
289	Device	Q_DUAL_NPN_PNP_BRT_E1B1C2E2B2C1	Q
290	Device	Q_DUAL_NPN_PNP_E1B1C2E2B2C1	Q
291	Device	Q_DUAL_PMOS_G1S2G2D2S1D1	Q
292	Device	Q_DUAL_PMOS_S1G1D2S2G2D1	Q
293	Device	Q_DUAL_PMOS_S1G1S2G2D2D2D1D1	Q
294	Device	Q_DUAL_PNP_C2C1E1E2	Q
295	Device	Q_DUAL_PNP_NPN_BRT_E1B1C2E2B2C1	Q
296	Device	Q_DUAL_PNP_PNP_BRT_E1B1C2E2B2C1	Q
297	Device	Q_DUAL_PNP_PNP_C1B1B2C2E2E1	Q
298	Device	Q_DUAL_PNP_PNP_C2E2C1E1B1B2	Q
299	Device	Q_DUAL_PNP_PNP_E1B1C2E2B2C1	Q
300	Device	Q_NIGBT_CEG	Q
301	Device	Q_NIGBT_CGE	Q
302	Device	Q_NIGBT_ECG	Q
303	Device	Q_NIGBT_ECGC	Q
304	Device	Q_NIGBT_EGC	Q
305	Device	Q_NIGBT_GCE	Q
306	Device	Q_NIGBT_GCEC	Q
307	Device	Q_NIGBT_GEC	Q
308	Device	Q_NJFET_DGS	Q
309	Device	Q_NJFET_DSG	Q
310	Device	Q_NJFET_GDS	Q
311	Device	Q_NJFET_GSD	Q
312	Device	Q_NJFET_SDG	Q
313	Device	Q_NJFET_SGD	Q
314	Device	Q_NMOS_DGS	Q
315	Device	Q_NMOS_DSG	Q
316	Device	Q_NMOS_GDS	Q
317	Device	Q_NMOS_GDSD	Q
318	Device	Q_NMOS_GSD	Q
319	Device	Q_NMOS_SDG	Q
320	Device	Q_NMOS_SDGD	Q
321	Device	Q_NMOS_SGD	Q
322	Device	Q_NPN_BCE	Q
323	Device	Q_NPN_BCEC	Q
324	Device	Q_NPN_BEC	Q
325	Device	Q_NPN_BEC_BRT	Q
326	Device	Q_NPN_CBE	Q
327	Device	Q_NPN_CEB	Q
328	Device	Q_NPN_Darlington_BCE	Q
329	Device	Q_NPN_Darlington_BCEC	Q
330	Device	Q_NPN_Darlington_BEC	Q
331	Device	Q_NPN_Darlington_CBE	Q
332	Device	Q_NPN_Darlington_CEB	Q
333	Device	Q_NPN_Darlington_EBC	Q
334	Device	Q_NPN_Darlington_ECB	Q
335	Device	Q_NPN_Darlington_ECBC	Q
336	Device	Q_NPN_EBC	Q
337	Device	Q_NPN_ECB	Q
338	Device	Q_NPN_ECBC	Q
339	Device	Q_NPN_ECB_BRT	Q
340	Device	Q_NUJT_BEB	Q
341	Device	Q_PJFET_DGS	Q
342	Device	Q_PJFET_DSG	Q
343	Device	Q_PJFET_GDS	Q
344	Device	Q_PJFET_GSD	Q
345	Device	Q_PJFET_SDG	Q
346	Device	Q_PJFET_SGD	Q
347	Device	Q_PMOS_DGS	Q
348	Device	Q_PMOS_DSG	Q
349	Device	Q_PMOS_GDS	Q
350	Device	Q_PMOS_GDSD	Q
351	Device	Q_PMOS_GSD	Q
352	Device	Q_PMOS_SDG	Q
353	Device	Q_PMOS_SDGD	Q
354	Device	Q_PMOS_SGD	Q
355	Device	Q_PNP_BCE	Q
356	Device	Q_PNP_BCEC	Q
357	Device	Q_PNP_BEC	Q
358	Device	Q_PNP_BEC_BRT	Q
359	Device	Q_PNP_CBE	Q
360	Device	Q_PNP_CEB	Q
361	Device	Q_PNP_Darlington_BCE	Q
362	Device	Q_PNP_Darlington_BCEC	Q
363	Device	Q_PNP_Darlington_BEC	Q
364	Device	Q_PNP_Darlington_CBE	Q
365	Device	Q_PNP_Darlington_CEB	Q
366	Device	Q_PNP_Darlington_EBC	Q
367	Device	Q_PNP_Darlington_ECB	Q
368	Device	Q_PNP_Darlington_ECBC	Q
369	Device	Q_PNP_EBC	Q
370	Device	Q_PNP_ECB	Q
371	Device	Q_PNP_ECBC	Q
372	Device	Q_PNP_ECB_BRT	Q
373	Device	Q_PUJT_BEB	Q
374	Device	Q_Photo_NPN	Q
375	Device	Q_Photo_NPN_CBE	Q
376	Device	Q_Photo_NPN_EBC	Q
377	Device	Q_Photo_NPN_EC	Q
378	Device	Q_SCR_AGK	D
379	Device	Q_SCR_AKG	D
380	Device	Q_SCR_GAK	D
381	Device	Q_SCR_GKA	D
382	Device	Q_SCR_KAG	D
383	Device	Q_SCR_KGA	D
384	Device	Q_TRIAC_A1A2G	D
385	Device	Q_TRIAC_A1GA2	D
386	Device	Q_TRIAC_A2A1G	D
387	Device	Q_TRIAC_A2GA1	D
388	Device	Q_TRIAC_GA1A2	D
389	Device	Q_TRIAC_GA2A1	D
390	Device	R	R
391	Device	RF_Shield_One_Piece	J
392	Device	RF_Shield_Two_Pieces	J
393	Device	RTRIM	R
394	Device	R_Network03	RN
395	Device	R_Network03_Split	RN
396	Device	R_Network03_US	RN
397	Device	R_Network04	RN
398	Device	R_Network04_Split	RN
399	Device	R_Network04_US	RN
400	Device	R_Network05	RN
401	Device	R_Network05_Split	RN
402	Device	R_Network05_US	RN
403	Device	R_Network06	RN
404	Device	R_Network06_Split	RN
405	Device	R_Network06_US	RN
406	Device	R_Network07	RN
407	Device	R_Network07_Split	RN
408	Device	R_Network07_US	RN
409	Device	R_Network08	RN
410	Device	R_Network08_Split	RN
411	Device	R_Network08_US	RN
412	Device	R_Network09	RN
413	Device	R_Network09_Split	RN
414	Device	R_Network09_US	RN
415	Device	R_Network10	RN
416	Device	R_Network10_Split	RN
417	Device	R_Network10_US	RN
418	Device	R_Network11	RN
419	Device	R_Network11_Split	RN
420	Device	R_Network11_US	RN
421	Device	R_Network12	RN
422	Device	R_Network12_Split	RN
423	Device	R_Network12_US	RN
424	Device	R_Network13	RN
425	Device	R_Network13_Split	RN
426	Device	R_Network13_US	RN
427	Device	R_Network_Dividers_x02_SIP	RN
428	Device	R_Network_Dividers_x03_SIP	RN
429	Device	R_Network_Dividers_x04_SIP	RN
430	Device	R_Network_Dividers_x05_SIP	RN
431	Device	R_Network_Dividers_x06_SIP	RN
432	Device	R_Network_Dividers_x07_SIP	RN
433	Device	R_Network_Dividers_x08_SIP	RN
434	Device	R_Network_Dividers_x09_SIP	RN
435	Device	R_Network_Dividers_x10_SIP	RN
436	Device	R_Network_Dividers_x11_SIP	RN
437	Device	R_PHOTO	R
438	Device	R_POT	RV
439	Device	R_POT_Dual	RV
440	Device	R_POT_Dual_Separate	RV
441	Device	R_POT_MountingPin	RV
442	Device	R_POT_Small	RV
443	Device	R_POT_TRIM	RV
444	Device	R_POT_TRIM_US	RV
445	Device	R_POT_US	RV
446	Device	R_Pack02	RN
447	Device	R_Pack02_SIP	RN
448	Device	R_Pack02_SIP_Split	RN
449	Device	R_Pack02_Split	RN
450	Device	R_Pack03	RN
451	Device	R_Pack03_SIP	RN
452	Device	R_Pack03_SIP_Split	RN
453	Device	R_Pack03_Split	RN
454	Device	R_Pack04	RN
455	Device	R_Pack04_SIP	RN
456	Device	R_Pack04_SIP_Split	RN
457	Device	R_Pack04_Split	RN
458	Device	R_Pack05	RN
459	Device	R_Pack05_SIP	RN
460	Device	R_Pack05_SIP_Split	RN
461	Device	R_Pack05_Split	RN
462	Device	R_Pack06	RN
463	Device	R_Pack06_SIP	RN
464	Device	R_Pack06_SIP_Split	RN
465	Device	R_Pack06_Split	RN
466	Device	R_Pack07	RN
467	Device	R_Pack07_SIP	RN
468	Device	R_Pack07_SIP_Split	RN
469	Device	R_Pack07_Split	RN
470	Device	R_Pack08	RN
471	Device	R_Pack08_Split	RN
472	Device	R_Pack09	RN
473	Device	R_Pack09_Split	RN
474	Device	R_Pack10	RN
475	Device	R_Pack10_Split	RN
476	Device	R_Pack11	RN
477	Device	R_Pack11_Split	RN
478	Device	R_Shunt	R
479	Device	R_Shunt_US	R
480	Device	R_Small	R
481	Device	R_Small_US	R
482	Device	R_US	R
483	Device	R_Variable	R
484	Device	R_Variable_US	R
485	Device	Resonator	Y
486	Device	Resonator_Small	Y
487	Device	Rotary_Encoder	SW
488	Device	Rotary_Encoder_Switch	SW
489	Device	SPARK_GAP	E
490	Device	Solar_Cell	SC
491	Device	Solar_Cells	SC
492	Device	Speaker	LS
493	Device	Speaker_Crystal	LS
494	Device	Thermistor	TH
495	Device	Thermistor_NTC	TH
496	Device	Thermistor_NTC_3wire	TH
497	Device	Thermistor_NTC_4wire	TH
498	Device	Thermistor_NTC_US	TH
499	Device	Thermistor_PTC	TH
500	Device	Thermistor_PTC_3wire	TH
501	Device	Thermistor_PTC_4wire	TH
502	Device	Thermistor_PTC_US	TH
503	Device	Thermistor_US	TH
504	Device	Thermocouple	TC
505	Device	Thermocouple_ALT	TC
506	Device	Thermocouple_Block	TC
507	Device	Transformer_1P_1S	T
508	Device	Transformer_1P_1S_SO8	T
509	Device	Transformer_1P_2S	T
510	Device	Transformer_1P_SS	T
511	Device	Transformer_AUDIO	T
512	Device	Transformer_SP_1S	T
513	Device	Transformer_SP_2S	T
514	Device	Varistor	RV
515	Device	Varistor_US	RV
516	Device	Voltage_Divider	RN
517	Device	Voltage_Divider_CenterPin1	RN
518	Device	Voltage_Divider_CenterPin3	RN
519	Device	Voltmeter_AC	MES
520	Device	Voltmeter_DC	MES
521	Diode	1.5KExxA	D
522	Diode	1.5KExxCA	D
523	Diode	1N4001	D
524	Diode	1N4148	D
525	Diode	1N4148WS	D
526	Diode	1N4148WT	D
527	Diode	1N53xxB	D
528	Diode	1N5400	D
529	Diode	1N5711UR	D
530	Diode	1N5820	D
531	Diode	1N6263	D
532	Diode	2BZX84Cxx	D
533	Diode	5KPxxA	D
534	Diode	5KPxxCA	D
535	Diode	B120-E3	D
536	Diode	B220	D
537	Diode	B320	D
538	Diode	BAR42FILM	D
539	Diode	BAS16TW	D
540	Diode	BAS16W	D
541	Diode	BAS40-04	D
542	Diode	BAT48JFILM	D
543	Diode	BAT48ZFILM	D
544	Diode	BAT54A	D
545	Diode	BAT54ADW	D
546	Diode	BAT54AW	D
547	Diode	BAT54C	D
548	Diode	BAT54CW	D
549	Diode	BAT54J	D
550	Diode	BAT54S	D
551	Diode	BAT54SW	D
552	Diode	BAT54W	D
553	Diode	BAV70	D
554	Diode	BAV70M	D
555	Diode	BAV70S	D
556	Diode	BAV70T	D
557	Diode	BAV70W	D
558	Diode	BAV756S	D
559	Diode	BAV99	D
560	Diode	BAV99S	D
561	Diode	BYV79-100	D
562	Diode	BZD27Cxx	D
563	Diode	BZM55Bxx	D
564	Diode	BZT52Bxx	D
565	Diode	BZX384-xxx	D
566	Diode	BZX84Cxx	D
567	Diode	C3D02060F	D
568	Diode	C3D06060G	D
569	Diode	C3D16060D	D
570	Diode	C3D1P7060Q	D
571	Diode	C4D10120H	D
572	Diode	CD4148W	D
573	Diode	CSD01060E	D
574	Diode	DB3	D
575	Diode	ESD9B5.0ST5G	D
576	Diode	IDDD04G65C6	D
577	Diode	LL41	D
578	Diode	LL4148	D
579	Diode	MBR735	D
580	Diode	MCL4148	D
581	Diode	MM3Zxx	D
582	Diode	MM5Zxx	D
583	Diode	MMBZxx	D
584	Diode	MMSD914	D
585	Diode	MRA4003T3G	D
586	Diode	PMEG2005EH	D
587	Diode	PMEG2005EJ	D
588	Diode	PMEG2010AET	D
589	Diode	PMEG4050EP	D
590	Diode	Rohm_UMN1N	D
591	Diode	Rohm_UMP11N	D
592	Diode	S2JTR	D
593	Diode	SB120	D
594	Diode	SD05_SOD323	D
595	Diode	SD103ATW	D
596	Diode	SM4001	D
597	Diode	SM712_SOT23	D
598	Diode	STTH212S	D
599	Diode	VS-6ESU06	D
600	Diode	Z1SMAxxx	D
601	Diode	Z2SMBxxx	D
602	Diode	Z3SMCxxx	D
603	Diode	ZMDxx	D
604	Diode	ZMYxx	D
605	Diode	ZPDxx	D
606	Diode	ZPYxx	D
607	LED	APA-106-F5	D
608	LED	APA102	D
609	LED	APA102-2020	D
610	LED	APFA3010	D
611	LED	ASMB-MTB0-0A3A2	D
612	LED	ASMB-MTB1-0A3A2	D
613	LED	ASMT-YTC2-0AA02	D
614	LED	CLS6B-FKW	D
615	LED	CLV1L-FKB	D
616	LED	HDSP-4830	BAR
617	LED	HDSP-4830_2	BAR
618	LED	HDSP-4832	BAR
619	LED	HDSP-4832_2	BAR
620	LED	HDSP-4836	BAR
621	LED	HDSP-4836_2	BAR
622	LED	HDSP-4840	BAR
623	LED	HDSP-4840_2	BAR
624	LED	HDSP-4850	BAR
625	LED	HDSP-4850_2	BAR
626	LED	HLCP-J100	BAR
627	LED	HLCP-J100_2	BAR
628	LED	IR26-21C_L110_TR8	D
629	LED	IRL81A	D
630	LED	Inolux_IN-PI554FCH	D
631	LED	Inolux_IN-PI556FCH	D
632	LED	LD271	D
633	LED	LED_Cree_XHP50_12V	D
634	LED	LED_Cree_XHP50_6V	D
635	LED	LED_Cree_XHP70_12V	D
636	LED	LED_Cree_XHP70_6V	D
637	LED	NeoPixel_THT	D
638	LED	QLS6A-FKW	D
639	LED	SFH4356P	D
640	LED	SFH460	D
641	LED	SFH482	D
642	LED	SK6805	D
643	LED	SK6812	D
644	LED	SK6812MINI	D
645	LED	SMLVN6RGB	D
646	LED	WS2812B	D
647	LED	WS2812S	D
648	LED	WS2813	D
649	LED	WS2822S	D
650	Motor	Fan	M
651	Motor	Fan_ALT	M
652	Motor	Fan_IEC60617	M
653	Motor	Fan_Tacho	M
654	Motor	Fan_Tacho_PWM	M
655	Motor	Motor_AC	M
656	Motor	Motor_DC	M
657	Motor	Motor_DC_ALT	M
658	Motor	Motor_Servo	M
659	Motor	Motor_Servo_AirTronics	M
660	Motor	Stepper_Motor_bipolar	M
661	Motor	Stepper_Motor_unipolar_5pin	M
662	Motor	Stepper_Motor_unipolar_6pin	M
663	Oscillator	5P49V6965	U
664	Oscillator	ABLNO	X
665	Oscillator	ACO-xxxMHz-A	X
666	Oscillator	ASCO	X
667	Oscillator	ASDMB-xxxMHz	U
668	Oscillator	ASE-xxxMHz	X
669	Oscillator	ASV-xxxMHz	X
670	Oscillator	CXO_DIP14	X
671	Oscillator	CXO_DIP8	X
672	Oscillator	DFA-S11	X
673	Oscillator	DFA-S15	X
674	Oscillator	DFA-S2	X
675	Oscillator	DFA-S3	X
676	Oscillator	DGOF5S3	X
677	Oscillator	ECS-2520MV-xxx-xx	X
678	Oscillator	IQXO-70	X
679	Oscillator	JTOS-50	X
680	Oscillator	KT2520K-T	U
681	Oscillator	LTC6905xS5-80	U
682	Oscillator	MAX7375AXR805	U
683	Oscillator	MV267	U
684	Oscillator	MV317	U
685	Oscillator	NB3N502	U
686	Oscillator	NB3N511	U
687	Oscillator	OCXO-14	X
688	Oscillator	OH300	X
689	Oscillator	SG-210SED	X
690	Oscillator	SG-210STF	X
691	Oscillator	SG-3030CM	X
692	Oscillator	SG-5032CAN	X
693	Oscillator	SG-7050CAN	X
694	Oscillator	SG-8002CA	X
695	Oscillator	SG-8002CE	X
696	Oscillator	SG-8002DB	X
697	Oscillator	SG-8002DC	X
698	Oscillator	SG-8002JA	X
699	Oscillator	SG-8002JC	X
700	Oscillator	SG-8002LB	X
701	Oscillator	Si512A_2.5x3.2mm	U
702	Oscillator	Si513A_2.5x3.2mm	U
703	Oscillator	Si5351A-B-GM	U
704	Oscillator	Si5351A-B-GT	U
705	Oscillator	Si5351B-B-GM	U
706	Oscillator	Si5351C-B-GM	U
707	Oscillator	Si570	U
708	Oscillator	Si571	U
709	Oscillator	TCXO3	X
710	Oscillator	TXC-7C	X
711	Oscillator	VC-81	X
712	Oscillator	XO32	X
713	Oscillator	XO53	X
714	Oscillator	XO91	X
715	Oscillator	XUX51	U
716	Oscillator	XUX71	U
717	Oscillator	XUY51	U
718	Oscillator	XUY71	U
719	Transistor_BJT	2N2219	Q
720	Transistor_BJT	2N2646	Q
721	Transistor_BJT	2N3055	Q
722	Transistor_BJT	2N3904	Q
723	Transistor_BJT	2N3906	Q
724	Transistor_BJT	2SA1015	Q
725	Transistor_BJT	2SB631	Q
726	Transistor_BJT	2SB817	Q
727	Transistor_BJT	2SC1815	Q
728	Transistor_BJT	2SC1941	Q
729	Transistor_BJT	2SC1945	Q
730	Transistor_BJT	2SD1047	Q
731	Transistor_BJT	2SD600	Q
732	Transistor_BJT	BC107	Q
733	Transistor_BJT	BC160	Q
734	Transistor_BJT	BC237	Q
735	Transistor_BJT	BC240	Q
736	Transistor_BJT	BC307	Q
737	Transistor_BJT	BC413	Q
738	Transistor_BJT	BC516	Q
739	Transistor_BJT	BC517	Q
740	Transistor_BJT	BC547	Q
741	Transistor_BJT	BC557	Q
742	Transistor_BJT	BC636	Q
743	Transistor_BJT	BC807	Q
744	Transistor_BJT	BC807W	Q
745	Transistor_BJT	BC817	Q
746	Transistor_BJT	BC817W	Q
747	Transistor_BJT	BC846BPN	Q
748	Transistor_BJT	BC846BS	Q
749	Transistor_BJT	BC856BS	Q
750	Transistor_BJT	BCP51	Q
751	Transistor_BJT	BCV29	Q
752	Transistor_BJT	BCV61	Q
753	Transistor_BJT	BCV62	Q
754	Transistor_BJT	BCX51	Q
755	Transistor_BJT	BCX56	Q
756	Transistor_BJT	BD139	Q
757	Transistor_BJT	BD140	Q
758	Transistor_BJT	BD249	Q
759	Transistor_BJT	BD250	Q
760	Transistor_BJT	BD433	Q
761	Transistor_BJT	BD434	Q
762	Transistor_BJT	BD910	Q
763	Transistor_BJT	BD911	Q
764	Transistor_BJT	BDW93	Q
765	Transistor_BJT	BDW94	Q
766	Transistor_BJT	BF199	Q
767	Transistor_BJT	BF457	Q
768	Transistor_BJT	BFR92	Q
769	Transistor_BJT	BFT92	Q
770	Transistor_BJT	BUT11	Q
771	Transistor_BJT	DTA113T	Q
772	Transistor_BJT	DTA113Z	Q
773	Transistor_BJT	DTA114E	Q
774	Transistor_BJT	DTA114G	Q
775	Transistor_BJT	DTA114T	Q
776	Transistor_BJT	DTA114W	Q
777	Transistor_BJT	DTA114Y	Q
778	Transistor_BJT	DTA115E	Q
779	Transistor_BJT	DTA115G	Q
780	Transistor_BJT	DTA115T	Q
781	Transistor_BJT	DTA115U	Q
782	Transistor_BJT	DTA123E	Q
783	Transistor_BJT	DTA123J	Q
784	Transistor_BJT	DTA123Y	Q
785	Transistor_BJT	DTA124E	Q
786	Transistor_BJT	DTA124G	Q
787	Transistor_BJT	DTA124T	Q
788	Transistor_BJT	DTA124X	Q
789	Transistor_BJT	DTA125T	Q
790	Transistor_BJT	DTA143E	Q
791	Transistor_BJT	DTA143T	Q
792	Transistor_BJT	DTA143X	Q
793	Transistor_BJT	DTA143Y	Q
794	Transistor_BJT	DTA143Z	Q
795	Transistor_BJT	DTA144E	Q
796	Transistor_BJT	DTA144G	Q
797	Transistor_BJT	DTA144T	Q
798	Transistor_BJT	DTA144V	Q
799	Transistor_BJT	DTA144W	Q
800	Transistor_BJT	DTA1D3R	Q
801	Transistor_BJT	DTA214Y	Q
802	Transistor_BJT	DTB113E	Q
803	Transistor_BJT	DTB113Z	Q
804	Transistor_BJT	DTB114E	Q
805	Transistor_BJT	DTB114G	Q
806	Transistor_BJT	DTB114T	Q
807	Transistor_BJT	DTB122J	Q
808	Transistor_BJT	DTB123E	Q
809	Transistor_BJT	DTB123T	Q
810	Transistor_BJT	DTB123Y	Q
811	Transistor_BJT	DTB133H	Q
812	Transistor_BJT	DTB143T	Q
813	Transistor_BJT	DTB163T	Q
814	Transistor_BJT	DTC113T	Q
815	Transistor_BJT	DTC113Z	Q
816	Transistor_BJT	DTC114E	Q
817	Transistor_BJT	DTC114G	Q
818	Transistor_BJT	DTC114T	Q
819	Transistor_BJT	DTC114W	Q
820	Transistor_BJT	DTC114Y	Q
821	Transistor_BJT	DTC115E	Q
822	Transistor_BJT	DTC115G	Q
823	Transistor_BJT	DTC115T	Q
824	Transistor_BJT	DTC115U	Q
825	Transistor_BJT	DTC123E	Q
826	Transistor_BJT	DTC123J	Q
827	Transistor_BJT	DTC123Y	Q
828	Transistor_BJT	DTC124E	Q
829	Transistor_BJT	DTC124G	Q
830	Transistor_BJT	DTC124T	Q
831	Transistor_BJT	DTC124X	Q
832	Transistor_BJT	DTC125T	Q
833	Transistor_BJT	DTC143E	Q
834	Transistor_BJT	DTC143T	Q
835	Transistor_BJT	DTC143X	Q
836	Transistor_BJT	DTC143Y	Q
837	Transistor_BJT	DTC143Z	Q
838	Transistor_BJT	DTC144E	Q
839	Transistor_BJT	DTC144G	Q
840	Transistor_BJT	DTC144T	Q
841	Transistor_BJT	DTC144V	Q
842	Transistor_BJT	DTC144W	Q
843	Transistor_BJT	DTC1D3R	Q
844	Transistor_BJT	DTC214Y	Q
845	Transistor_BJT	DTD113E	Q
846	Transistor_BJT	DTD113Z	Q
847	Transistor_BJT	DTD114E	Q
848	Transistor_BJT	DTD114G	Q
849	Transistor_BJT	DTD114T	Q
850	Transistor_BJT	DTD122J	Q
851	Transistor_BJT	DTD123E	Q
852	Transistor_BJT	DTD123T	Q
853	Transistor_BJT	DTD123Y	Q
854	Transistor_BJT	DTD133H	Q
855	Transistor_BJT	DTD143T	Q
856	Transistor_BJT	DTD163T	Q
857	Transistor_BJT	FMB2227A	Q
858	Transistor_BJT	KTD1624	Q
859	Transistor_BJT	MAT02	Q
860	Transistor_BJT	MJ2955	Q
861	Transistor_BJT	MJE13003	Q
862	Transistor_BJT	MJE13007G	Q
863	Transistor_BJT	MMBTA42	Q
864	Transistor_BJT	MMBTA92	Q
865	Transistor_BJT	MPSA42	Q
866	Transistor_BJT	MPSA92	Q
867	Transistor_BJT	MUN5211DW1	Q
868	Transistor_BJT	PN2222A	Q
869	Transistor_BJT	PZT2222A	Q
870	Transistor_BJT	PZT3904	Q
871	Transistor_BJT	PZT3906	Q
872	Transistor_BJT	PZTA42	Q
873	Transistor_BJT	PZTA92	Q
874	Transistor_BJT	S8050	Q
875	Transistor_BJT	S8550	Q
876	Transistor_BJT	SSM2210	Q
877	Transistor_BJT	SSM2220	Q
878	Transistor_BJT	TIP120	Q
879	Transistor_BJT	TIP125	Q
880	Transistor_BJT	TIP2955	Q
881	Transistor_BJT	TIP2955G	Q
882	Transistor_BJT	TIP3055	Q
883	Transistor_BJT	TIP3055G	Q
884	Transistor_FET	2N7000	Q
885	Transistor_FET	3SK263	Q
886	Transistor_FET	BF244A	Q
887	Transistor_FET	BF245A	Q
888	Transistor_FET	BF545A	Q
889	Transistor_FET	BS107	Q
890	Transistor_FET	BS250	Q
891	Transistor_FET	BSB008NE2LX	Q
892	Transistor_FET	BSB028N06NN3	Q
893	Transistor_FET	BSB104N08NP3	Q
894	Transistor_FET	BSB165N15NZ3	Q
895	Transistor_FET	BSC13DN30NSFD	Q
896	Transistor_FET	BSF030NE2LQ	Q
897	Transistor_FET	BSF450NE7NH3	Q
898	Transistor_FET	BSP129	Q
899	Transistor_FET	BSP89	Q
900	Transistor_FET	BSR56	Q
901	Transistor_FET	BSS138	Q
902	Transistor_FET	BSS214NW	Q
903	Transistor_FET	BUK9M53-60EX	Q
904	Transistor_FET	BUZ11	Q
905	Transistor_FET	C3M0030090K	Q
906	Transistor_FET	C3M0065090D	Q
907	Transistor_FET	C3M0065090J	Q
908	Transistor_FET	CSD16301Q2	Q
909	Transistor_FET	CSD17578Q5A	Q
910	Transistor_FET	CSD19537Q3	Q
911	Transistor_FET	CSD25302Q2	Q
912	Transistor_FET	DMC2053UVT	Q
913	Transistor_FET	DMG1012T	Q
914	Transistor_FET	DMP3013SFV	Q
915	Transistor_FET	FDC6330L	Q
916	Transistor_FET	FDG1024NZ	Q
917	Transistor_FET	FDMC8032L	Q
918	Transistor_FET	FDS6890A	Q
919	Transistor_FET	IPD50R380CE	Q
920	Transistor_FET	IPDD60R050G7	Q
921	Transistor_FET	IPT012N08N5	Q
922	Transistor_FET	IRF40DM229	Q
923	Transistor_FET	IRF60DM206	Q
924	Transistor_FET	IRF6613	Q
925	Transistor_FET	IRF6655	Q
926	Transistor_FET	IRF6710S2	Q
927	Transistor_FET	IRF6718L2	Q
928	Transistor_FET	IRF6802SD	Q
929	Transistor_FET	IRF6892S	Q
930	Transistor_FET	IRF7309IPBF	Q
931	Transistor_FET	IRF7324	Q
932	Transistor_FET	IRF7404	Q
933	Transistor_FET	IRF7606PBF	Q
934	Transistor_FET	IRF7607PBF	Q
935	Transistor_FET	IRF7665S2	Q
936	Transistor_FET	IRF7739L1	Q
937	Transistor_FET	IRF8721PBF-1	Q
938	Transistor_FET	IRF9383M	Q
939	Transistor_FET	IRF9394M	Q
940	Transistor_FET	IRF9540N	Q
941	Transistor_FET	IRFI4019H	Q
942	Transistor_FET	IRL6283M	Q
943	Transistor_FET	IRLIZ44N	Q
944	Transistor_FET	PGA26E07BA	Q
945	Transistor_FET	PSMN5R2-60YL	Q
946	Transistor_FET	QM6015D	Q
947	Transistor_FET	SUD19P06-60	Q
948	Transistor_FET	Si1442DH	Q
949	Transistor_FET	Si7141DP	Q
950	Transistor_FET	Si7336ADP	Q
951	Transistor_FET	SiA453EDJ	Q
952	Transistor_FET	SiS415DNT	Q
953	Transistor_FET	TP0610L	Q
954	Transistor_FET	TP0610T	Q
955	Transistor_FET	ZXMP4A16G	Q
956	Transistor_IGBT	IRG4PF50W	Q
957	Triac_Thyristor	BT169B	Q
958	Triac_Thyristor	TIC106	Q
959	Triac_Thyristor	TIC226	Q
960	Triac_Thyristor	Z0103MN	D
961	eSim_Hybrid	adc_bridge_1	U
962	eSim_Hybrid	adc_bridge_2	U
963	eSim_Hybrid	adc_bridge_3	U
964	eSim_Hybrid	adc_bridge_4	U
965	eSim_Hybrid	adc_bridge_5	U
966	eSim_Hybrid	adc_bridge_6	U
967	eSim_Hybrid	adc_bridge_7	U
968	eSim_Hybrid	adc_bridge_8	U
969	eSim_Hybrid	dac_bridge_1	U
970	eSim_Hybrid	dac_bridge_2	U
971	eSim_Hybrid	dac_bridge_3	U
972	eSim_Hybrid	dac_bridge_4	U
973	eSim_Hybrid	dac_bridge_5	U
974	eSim_Hybrid	dac_bridge_6	U
975	eSim_Hybrid	dac_bridge_7	U
976	eSim_Hybrid	dac_bridge_8	U
977	eSim_Sources	eSim_AC	v
978	eSim_Sources	CCCS	F
979	eSim_Sources	CCVS	H
980	eSim_Sources	DC	v
981	eSim_Sources	VCCS	G
982	eSim_Sources	VCVS	E
983	eSim_Sources	dc	I
984	eSim_Sources	exp	v
985	eSim_Sources	pulse	v
986	eSim_Sources	pwl	v
987	eSim_Sources	sine	v
988	power	+10V	PWR
989	power	+12C	PWR
990	power	+12L	PWR
991	power	+12LF	PWR
992	power	+12P	PWR
993	power	+12V	PWR
994	power	+12VA	PWR
995	power	+15V	PWR
996	power	+1V0	PWR
997	power	+1V1	PWR
998	power	+1V2	PWR
999	power	+1V35	PWR
1000	power	+1V5	PWR
1001	power	+1V8	PWR
1002	power	+24V	PWR
1003	power	+28V	PWR
1004	power	+2V5	PWR
1005	power	+2V8	PWR
1006	power	+3.3VA	PWR
1007	power	+3.3VADC	PWR
1008	power	+3.3VDAC	PWR
1009	power	+3.3VP	PWR
1010	power	+36V	PWR
1011	power	+3V0	PWR
1012	power	+3V3	PWR
1013	power	+3V8	PWR
1014	power	+48V	PWR
1015	power	+4V	PWR
1016	power	+5C	PWR
1017	power	+5F	PWR
1018	power	+5P	PWR
1019	power	+5V	PWR
1020	power	+5VA	PWR
1021	power	+5VD	PWR
1022	power	+5VL	PWR
1023	power	+5VP	PWR
1024	power	+6V	PWR
1025	power	+7.5V	PWR
1026	power	+8V	PWR
1027	power	+9V	PWR
1028	power	+9VA	PWR
1029	power	+BATT	PWR
1030	power	+VDC	PWR
1031	power	+VSW	PWR
1032	power	-10V	PWR
1033	power	-12V	PWR
1034	power	-12VA	PWR
1035	power	-15V	PWR
1036	power	-24V	PWR
1037	power	-2V5	PWR
1038	power	-36V	PWR
1039	power	-3V3	PWR
1040	power	-48V	PWR
1041	power	-5V	PWR
1042	power	-5VA	PWR
1043	power	-6V	PWR
1044	power	-8V	PWR
1045	power	-9V	PWR
1046	power	-9VA	PWR
1047	power	-BATT	PWR
1048	power	-VDC	PWR
1049	power	-VSW	PWR
1050	power	AC	PWR
1051	power	Earth	PWR
1052	power	Earth_Clean	PWR
1053	power	Earth_Protective	PWR
1054	power	GND	PWR
1055	power	GND1	PWR
1056	power	GND2	PWR
1057	power	GND3	PWR
1058	power	GNDA	PWR
1059	power	GNDD	PWR
1060	power	GNDPWR	PWR
1061	power	GNDREF	PWR
1062	power	GNDS	PWR
1063	power	HT	PWR
1064	power	LINE	PWR
1065	power	NEUT	PWR
1066	power	PRI_HI	PWR
1067	power	PRI_LO	PWR
1068	power	PRI_MID	PWR
1069	power	PWR_FLAG	FLG
1070	power	VAA	PWR
1071	power	VAC	PWR
1072	power	VBUS	PWR
1073	power	VCC	PWR
1074	power	VCCQ	PWR
1075	power	VCOM	PWR
1076	power	VD	PWR
1077	power	VDC	PWR
1078	power	VDD	PWR
1079	power	VDDA	PWR
1080	power	VDDF	PWR
1081	power	VEE	PWR
1082	power	VMEM	PWR
1083	power	VPP	PWR
1084	power	VS	PWR
1085	power	VSS	PWR
1086	power	VSSA	PWR
1087	power	Vdrive	PWR
1088	pspice	0	GND
1089	pspice	CAP	C
1090	pspice	DIODE	D
1091	pspice	INDUCTOR	L
1092	pspice	ISOURCE	I
1093	pspice	MNMOS	M
1094	pspice	MPMOS	M
1095	pspice	OPAMP	U
1096	pspice	QNPN	Q
1097	pspice	QPNP	Q
1098	pspice	VSOURCE	V
