4xxx	14529	1000	2000
4xxx	4001	600	300
4xxx	4002	600	350
4xxx	4009	600	300
4xxx	4010	600	300
4xxx	40106	600	300
4xxx	4011	600	300
4xxx	4012	600	350
4xxx	4013	600	600
4xxx	4016	600	600
4xxx	4017	1000	1800
4xxx	4020	1000	1800
4xxx	4021	800	1600
4xxx	4022	1000	1600
4xxx	4023	600	300
4xxx	4025	600	300
4xxx	4027	600	600
4xxx	4028	1000	1600
4xxx	4029	1000	1800
4xxx	4040	1000	1800
4xxx	4046	1000	1600
4xxx	4047	1200	2200
4xxx	4049	600	300
4xxx	4050	600	300
4xxx	4051	1000	1800
4xxx	4052	1000	1800
4xxx	4053	1000	1800
4xxx	4056	1000	1400
4xxx	4069	600	300
4xxx	4070	600	300
4xxx	4071	600	300
4xxx	4072	600	350
4xxx	4073	600	300
4xxx	4075	600	300
4xxx	4077	600	300
4xxx	4081	600	300
4xxx	4098	800	800
4xxx	4504	900	1800
4xxx	4510	1000	1600
4xxx	4518	1000	600
4xxx	4520	1000	600
4xxx	4538	1000	1200
4xxx	4543	1000	1200
4xxx	HEF4093B	600	300
Analog	AD5593R	1000	1400
Analog	AD630ARZ	1200	1600
Analog	AD654JN	800	800
Analog	AD654JR	800	800
Analog	LF398H	600	600
Analog	LF398_DIP8	600	600
Analog	LF398_SOIC14	600	600
Analog	MLX90314xDF	1000	1200
Analog	MLX90320xFR	1000	1200
Analog	MPY634KP	1000	1200
Analog	MPY634KU	1000	1200
Analog	PGA112	1000	800
Device	Antenna	100	400
Device	Antenna_Chip	300	550
Device	Antenna_Dipole	400	400
Device	Antenna_Loop	400	400
Device	Antenna_Shield	200	400
Device	Battery	160	400
Device	Battery_Cell	180	400
Device	Buzzer	200	250
Device	C	160	300
Device	CP	180	300
Device	CP1	160	300
Device	CP1_Small	120	200
Device	CP_Small	120	200
Device	CTRIM	170	300
Device	CTRIM_DIF	320	300
Device	CTRIM_Small	120	200
Device	C_Feedthrough	400	280
Device	C_Small	120	200
Device	C_Variable	160	300
Device	CircuitBreaker_1P	200	600
Device	CircuitBreaker_1P_US	150	600
Device	CircuitBreaker_2P	400	600
Device	CircuitBreaker_2P_US	420	600
Device	CircuitBreaker_3P	600	600
Device	CircuitBreaker_3P_US	620	600
Device	D	300	100
Device	DIAC	300	200
Device	DIAC_ALT	300	200
Device	D_AAK	400	200
Device	D_ALT	300	100
Device	D_Bridge_+-AA	600	600
Device	D_Bridge_+A-A	600	600
Device	D_Bridge_+AA-	600	600
Device	D_Bridge_-A+A	600	600
Device	D_Bridge_-AA+	600	600
Device	D_Capacitance	300	180
Device	D_Capacitance_ALT	300	180
Device	D_KAA	400	200
Device	D_KAK	500	200
Device	D_KKA	500	200
Device	D_Photo	400	260
Device	D_Photo_ALT	400	260
Device	D_Radiation	400	420
Device	D_Radiation_ALT	400	420
Device	D_Schottky	300	100
Device	D_Schottky_AAK	400	200
Device	D_Schottky_AKA	400	200
Device	D_Schottky_AKK	500	200
Device	D_Schottky_ALT	300	100
Device	D_Schottky_KAA	400	200
Device	D_Schottky_KAK	500	200
Device	D_Schottky_KKA	500	200
Device	D_Schottky_Small	200	80
Device	D_Schottky_Small_ALT	200	80
Device	D_Schottky_x2_ACom_AKK	600	400
Device	D_Schottky_x2_ACom_KAK	600	400
Device	D_Schottky_x2_ACom_KKA	600	400
Device	D_Schottky_x2_KCom_AAK	600	400
Device	D_Schottky_x2_KCom_AKA	600	400
Device	D_Schottky_x2_KCom_KAA	600	400
Device	D_Schottky_x2_Serial_ACK	600	400
Device	D_Schottky_x2_Serial_AKC	600	400
Device	D_Schottky_x2_Serial_CAK	600	400
Device	D_Schottky_x2_Serial_CKA	600	400
Device	D_Schottky_x2_Serial_KAC	600	400
Device	D_Schottky_x2_Serial_KCA	600	400
Device	D_Shockley	300	100
Device	D_SiPM	300	260
Device	D_Small	200	80
Device	D_Small_ALT	200	80
Device	D_TVS	300	100
Device	D_TVS_ALT	300	100
Device	D_TVS_x2_AAC	700	300
Device	D_TVS_x2_ACA	700	300
Device	D_TVS_x2_CAA	700	300
Device	D_Temperature_Dependent	300	134
Device	D_Temperature_Dependent_ALT	300	134
Device	D_Tunnel	300	100
Device	D_Tunnel_ALT	300	100
Device	D_Unitunnel	300	100
Device	D_Unitunnel_ALT	300	100
Device	D_Zener	300	100
Device	D_Zener_ALT	300	100
Device	D_Zener_Small	200	80
Device	D_Zener_Small_ALT	200	80
Device	D_Zener_x2_ACom_AKK	600	400
Device	D_Zener_x2_ACom_KAK	600	400
Device	D_Zener_x2_ACom_KKA	600	400
Device	D_Zener_x2_KCom_AAK	600	400
Device	D_Zener_x2_KCom_AKA	600	400
Device	D_Zener_x2_KCom_KAA	600	400
Device	D_x2_ACom_AKK	600	400
Device	D_x2_ACom_KAK	600	400
Device	D_x2_ACom_KKA	600	400
Device	D_x2_KCom_AAK	600	400
Device	D_x2_KCom_AKA	600	400
Device	D_x2_KCom_KAA	600	400
Device	D_x2_Serial_ACK	600	400
Device	D_x2_Serial_AKC	600	400
Device	D_x2_Serial_CAK	600	400
Device	D_x2_Serial_CKA	600	400
Device	D_x2_Serial_KAC	600	400
Device	D_x2_Serial_KCA	600	400
Device	LED	360	180
Device	LED_ABRG	400	660
Device	LED_ALT	360	180
Device	LED_ARBG	400	660
Device	LED_ARGB	400	660
Device	LED_BARG	400	660
Device	LED_BGRA	400	660
Device	LED_CRGB	400	660
Device	LED_Dual_2pin	600	460
Device	LED_Dual_AAC	600	520
Device	LED_Dual_AACC	600	520
Device	LED_Dual_ACA	600	520
Device	LED_Dual_ACAC	600	520
Device	LED_Dual_CAC	600	520
Device	LED_Dual_CACA	600	520
Device	LED_Dual_CCA	600	520
Device	LED_PAD	300	400
Device	LED_RABG	400	660
Device	LED_RAGB	400	660
Device	LED_RCBG	400	660
Device	LED_RCGB	400	660
Device	LED_RGB	400	660
Device	LED_RGBA	400	660
Device	LED_RGBC	400	660
Device	LED_RGB_EP	400	1000
Device	LED_Series	500	230
Device	LED_Series_PAD	500	400
Device	LED_Small	200	140
Device	LED_Small_ALT	200	140
Device	Q_SCR_AGK	300	300
Device	Q_SCR_AKG	300	300
Device	Q_SCR_GAK	300	300
Device	Q_SCR_GKA	300	300
Device	Q_SCR_KAG	300	300
Device	Q_SCR_KGA	300	300
Device	Q_TRIAC_A1A2G	300	300
Device	Q_TRIAC_A1GA2	300	300
Device	Q_TRIAC_A2A1G	300	300
Device	Q_TRIAC_A2GA1	300	300
Device	Q_TRIAC_GA1A2	300	300
Device	Q_TRIAC_GA2A1	300	300
Device	SPARK_GAP	400	50
Device	Fuse	60	300
Device	Fuse_Polarized	60	300
Device	Fuse_Polarized_Small	200	40
Device	Fuse_Small	200	40
Device	Polyfuse	120	300
Device	Polyfuse_Small	80	200
Device	Ferrite_Bead	218	300
Device	Ferrite_Bead_Small	144	200
Device	EMI_Filter_CLC	600	300
Device	EMI_Filter_LCL	600	300
Device	EMI_Filter_LL	400	200
Device	EMI_Filter_LL_1423	400	200
Device	Hall_Generator	300	400
Device	RF_Shield_One_Piece	1200	800
Device	RF_Shield_Two_Pieces	1400	900
Device	Jumper	600	100
Device	Jumper_NC_Dual	500	200
Device	Jumper_NC_Small	200	60
Device	Jumper_NO_Small	200	40
Device	Delay_Line	400	600
Device	Electromagnetic_Actor	200	400
Device	L	200	300
Device	LTRIM	150	300
Device	L_Core_Ferrite	120	300
Device	L_Core_Ferrite_Coupled	400	200
Device	L_Core_Ferrite_Coupled_1243	400	200
Device	L_Core_Ferrite_Coupled_1324	400	200
Device	L_Core_Ferrite_Coupled_1342	400	200
Device	L_Core_Ferrite_Coupled_1423	400	200
Device	L_Core_Ferrite_Coupled_Small	200	120
Device	L_Core_Ferrite_Coupled_Small_1243	200	120
Device	L_Core_Ferrite_Coupled_Small_1324	200	120
Device	L_Core_Ferrite_Coupled_Small_1342	200	120
Device	L_Core_Ferrite_Coupled_Small_1423	200	120
Device	L_Core_Ferrite_Small	80	200
Device	L_Core_Iron	120	300
Device	L_Core_Iron_Coupled	400	200
Device	L_Core_Iron_Coupled_1243	400	200
Device	L_Core_Iron_Coupled_1324	400	200
Device	L_Core_Iron_Coupled_1342	400	200
Device	L_Core_Iron_Coupled_1423	400	200
Device	L_Core_Iron_Coupled_Small	200	120
Device	L_Core_Iron_Coupled_Small_1243	200	120
Device	L_Core_Iron_Coupled_Small_1324	200	120
Device	L_Core_Iron_Coupled_Small_1342	200	120
Device	L_Core_Iron_Coupled_Small_1423	200	120
Device	L_Core_Iron_Small	80	200
Device	L_Coupled	400	200
Device	L_Coupled_1243	400	200
Device	L_Coupled_1324	400	200
Device	L_Coupled_1342	400	200
Device	L_Coupled_1423	400	200
Device	L_Coupled_Small	200	120
Device	L_Coupled_Small_1243	200	120
Device	L_Coupled_Small_1324	400	200
Device	L_Coupled_Small_1342	200	120
Device	L_Coupled_Small_1423	200	120
Device	L_Small	200	200
Device	Lamp	200	400
Device	Lamp_Flash	400	400
Device	Laserdiode_1A3C	600	240
Device	Laserdiode_1C2A	600	240
Device	Laserdiode_M_TYPE	600	480
Device	Laserdiode_N_TYPE	600	480
Device	Laserdiode_P_TYPE	600	480
Device	Earphone	150	400
Device	Speaker	400	500
Device	Speaker_Crystal	400	500
Device	Amperemeter_AC	250	400
Device	Amperemeter_DC	250	400
Device	Frequency_Counter	250	400
Device	Galvanometer	250	400
Device	Ohmmeter	250	400
Device	Oscilloscope	200	400
Device	Voltmeter_AC	250	400
Device	Voltmeter_DC	250	400
Device	Microphone	200	400
Device	Microphone_Condenser	200	400
Device	Microphone_Crystal	200	400
Device	MEMRISTOR	100	300
Device	Lamp_Neon	200	400
Device	Net-Tie_2	200	200
Device	Net-Tie_3	200	200
Device	Net-Tie_3_Tee	200	200
Device	Net-Tie_4	200	200
Device	Net-Tie_4_Cross	200	200
Device	Peltier_Element	400	150
Device	Q_DUAL_NMOS_G1S2G2D2S1D1	400	400
Device	Q_DUAL_NMOS_S1G1D2S2G2D1	400	400
Device	Q_DUAL_NPN_C2C1E1E2	420	400
Device	Q_DUAL_NPN_NPN_BRT_E1B1C2E2B2C1	700	400
Device	Q_DUAL_NPN_NPN_C2E2C1E1B1B2	400	400
Device	Q_DUAL_NPN_NPN_E1B1C2E2B2C1	400	400
Device	Q_DUAL_NPN_PNP_BRT_E1B1C2E2B2C1	700	400
Device	Q_DUAL_NPN_PNP_E1B1C2E2B2C1	400	400
Device	Q_DUAL_PMOS_G1S2G2D2S1D1	400	400
Device	Q_DUAL_PMOS_S1G1D2S2G2D1	400	400
Device	Q_DUAL_PMOS_S1G1S2G2D2D2D1D1	400	400
Device	Q_DUAL_PNP_C2C1E1E2	420	400
Device	Q_DUAL_PNP_NPN_BRT_E1B1C2E2B2C1	700	400
Device	Q_DUAL_PNP_PNP_BRT_E1B1C2E2B2C1	700	400
Device	Q_DUAL_PNP_PNP_C1B1B2C2E2E1	400	400
Device	Q_DUAL_PNP_PNP_C2E2C1E1B1B2	400	400
Device	Q_DUAL_PNP_PNP_E1B1C2E2B2C1	400	400
Device	Q_NIGBT_CEG	400	400
Device	Q_NIGBT_CGE	400	400
Device	Q_NIGBT_ECG	400	400
Device	Q_NIGBT_ECGC	400	400
Device	Q_NIGBT_EGC	400	400
Device	Q_NIGBT_GCE	400	400
Device	Q_NIGBT_GCEC	400	400
Device	Q_NIGBT_GEC	400	400
Device	Q_NJFET_DGS	400	400
Device	Q_NJFET_DSG	400	400
Device	Q_NJFET_GDS	400	400
Device	Q_NJFET_GSD	400	400
Device	Q_NJFET_SDG	400	400
Device	Q_NJFET_SGD	400	400
Device	Q_NMOS_DGS	400	400
Device	Q_NMOS_DSG	400	400
Device	Q_NMOS_GDS	400	400
Device	Q_NMOS_GDSD	400	400
Device	Q_NMOS_GSD	400	400
Device	Q_NMOS_SDG	400	400
Device	Q_NMOS_SDGD	400	400
Device	Q_NMOS_SGD	400	400
Device	Q_NPN_BCE	400	400
Device	Q_NPN_BCEC	400	400
Device	Q_NPN_BEC	400	400
Device	Q_NPN_BEC_BRT	700	400
Device	Q_NPN_CBE	400	400
Device	Q_NPN_CEB	400	400
Device	Q_NPN_Darlington_BCE	400	400
Device	Q_NPN_Darlington_BCEC	400	400
Device	Q_NPN_Darlington_BEC	400	400
Device	Q_NPN_Darlington_CBE	400	400
Device	Q_NPN_Darlington_CEB	400	400
Device	Q_NPN_Darlington_EBC	400	400
Device	Q_NPN_Darlington_ECB	400	400
Device	Q_NPN_Darlington_ECBC	400	400
Device	Q_NPN_EBC	400	400
Device	Q_NPN_ECB	400	400
Device	Q_NPN_ECBC	400	400
Device	Q_NPN_ECB_BRT	700	400
Device	Q_NUJT_BEB	400	400
Device	Q_PJFET_DGS	400	400
Device	Q_PJFET_DSG	400	400
Device	Q_PJFET_GDS	400	400
Device	Q_PJFET_GSD	400	400
Device	Q_PJFET_SDG	400	400
Device	Q_PJFET_SGD	400	400
Device	Q_PMOS_DGS	400	400
Device	Q_PMOS_DSG	400	400
Device	Q_PMOS_GDS	400	400
Device	Q_PMOS_GDSD	400	400
Device	Q_PMOS_GSD	400	400
Device	Q_PMOS_SDG	400	400
Device	Q_PMOS_SDGD	400	400
Device	Q_PMOS_SGD	400	400
Device	Q_PNP_BCE	400	400
Device	Q_PNP_BCEC	400	400
Device	Q_PNP_BEC	400	400
Device	Q_PNP_BEC_BRT	700	400
Device	Q_PNP_CBE	400	400
Device	Q_PNP_CEB	400	400
Device	Q_PNP_Darlington_BCE	400	400
Device	Q_PNP_Darlington_BCEC	400	400
Device	Q_PNP_Darlington_BEC	400	400
Device	Q_PNP_Darlington_CBE	400	400
Device	Q_PNP_Darlington_CEB	400	400
Device	Q_PNP_Darlington_EBC	400	400
Device	Q_PNP_Darlington_ECB	400	400
Device	Q_PNP_Darlington_ECBC	400	400
Device	Q_PNP_EBC	400	400
Device	Q_PNP_ECB	400	400
Device	Q_PNP_ECBC	400	400
Device	Q_PNP_ECB_BRT	700	400
Device	Q_PUJT_BEB	400	400
Device	Q_Photo_NPN	322	400
Device	Q_Photo_NPN_CBE	400	400
Device	Q_Photo_NPN_EBC	400	400
Device	Q_Photo_NPN_EC	322	400
Device	Heater	80	300
Device	R	80	300
Device	RTRIM	200	300
Device	R_PHOTO	320	300
Device	R_Shunt	300	400
Device	R_Shunt_US	300	400
Device	R_Small	60	200
Device	R_Small_US	80	200
Device	R_US	80	300
Device	R_Variable	200	300
Device	R_Variable_US	200	300
Device	R_Network03	300	400
Device	R_Network03_Split	80	300
Device	R_Network03_US	300	400
Device	R_Network04	500	400
Device	R_Network04_Split	80	300
Device	R_Network04_US	500	400
Device	R_Network05	500	400
Device	R_Network05_Split	80	300
Device	R_Network05_US	500	400
Device	R_Network06	700	400
Device	R_Network06_Split	80	300
Device	R_Network06_US	700	400
Device	R_Network07	700	400
Device	R_Network07_Split	80	300
Device	R_Network07_US	700	400
Device	R_Network08	900	400
Device	R_Network08_Split	80	300
Device	R_Network08_US	900	400
Device	R_Network09	900	400
Device	R_Network09_Split	80	300
Device	R_Network09_US	900	400
Device	R_Network10	1100	400
Device	R_Network10_Split	80	300
Device	R_Network10_US	1100	400
Device	R_Network11	1100	400
Device	R_Network11_Split	80	300
Device	R_Network11_US	1100	400
Device	R_Network12	1300	400
Device	R_Network12_Split	80	300
Device	R_Network12_US	1300	400
Device	R_Network13	1300	400
Device	R_Network13_Split	80	300
Device	R_Network13_US	1300	400
Device	R_Network_Dividers_x02_SIP	500	600
Device	R_Network_Dividers_x03_SIP	700	600
Device	R_Network_Dividers_x04_SIP	900	600
Device	R_Network_Dividers_x05_SIP	1100	600
Device	R_Network_Dividers_x06_SIP	1300	600
Device	R_Network_Dividers_x07_SIP	1500	600
Device	R_Network_Dividers_x08_SIP	1700	600
Device	R_Network_Dividers_x09_SIP	1900	600
Device	R_Network_Dividers_x10_SIP	2100	600
Device	R_Network_Dividers_x11_SIP	2300	600
Device	R_Pack02	300	400
Device	R_Pack02_SIP	500	400
Device	R_Pack02_SIP_Split	80	300
Device	R_Pack02_Split	80	300
Device	R_Pack03	300	400
Device	R_Pack03_SIP	900	400
Device	R_Pack03_SIP_Split	80	300
Device	R_Pack03_Split	80	300
Device	R_Pack04	500	400
Device	R_Pack04_SIP	1100	400
Device	R_Pack04_SIP_Split	80	300
Device	R_Pack04_Split	80	300
Device	R_Pack05	500	400
Device	R_Pack05_SIP	1500	400
Device	R_Pack05_SIP_Split	80	300
Device	R_Pack05_Split	80	300
Device	R_Pack06	700	400
Device	R_Pack06_SIP	1700	400
Device	R_Pack06_SIP_Split	80	300
Device	R_Pack06_Split	80	300
Device	R_Pack07	700	400
Device	R_Pack07_SIP	2100	400
Device	R_Pack07_SIP_Split	80	300
Device	R_Pack07_Split	80	300
Device	R_Pack08	900	400
Device	R_Pack08_Split	80	300
Device	R_Pack09	900	400
Device	R_Pack09_Split	80	300
Device	R_Pack10	1100	400
Device	R_Pack10_Split	80	300
Device	R_Pack11	1100	400
Device	R_Pack11_Split	80	300
Device	Voltage_Divider	300	500
Device	Voltage_Divider_CenterPin1	300	500
Device	Voltage_Divider_CenterPin3	300	500
Device	R_POT	300	300
Device	R_POT_Dual	800	280
Device	R_POT_Dual_Separate	300	300
Device	R_POT_MountingPin	400	300
Device	R_POT_Small	200	200
Device	R_POT_TRIM	300	300
Device	R_POT_TRIM_US	300	300
Device	R_POT_US	300	300
Device	Varistor	150	300
Device	Varistor_US	150	300
Device	Solar_Cell	280	400
Device	Solar_Cells	320	400
Device	Rotary_Encoder	600	400
Device	Rotary_Encoder_Switch	600	400
Device	Transformer_1P_1S	800	400
Device	Transformer_1P_1S_SO8	600	400
Device	Transformer_1P_2S	800	800
Device	Transformer_1P_SS	800	400
Device	Transformer_AUDIO	800	800
Device	Transformer_SP_1S	800	400
Device	Transformer_SP_2S	800	800
Device	Thermocouple	340	200
Device	Thermocouple_ALT	260	200
Device	Thermocouple_Block	400	280
Device	Thermistor	150	400
Device	Thermistor_NTC	250	300
Device	Thermistor_NTC_3wire	250	500
Device	Thermistor_NTC_4wire	250	500
Device	Thermistor_NTC_US	250	300
Device	Thermistor_PTC	250	300
Device	Thermistor_PTC_3wire	250	500
Device	Thermistor_PTC_4wire	250	500
Device	Thermistor_PTC_US	250	300
Device	Thermistor_US	150	300
Device	Opamp_Dual_Generic	600	400
Device	Opamp_Quad_Generic	600	400
Device	Crystal	300	200
Device	Crystal_GND2	300	400
Device	Crystal_GND23	300	400
Device	Crystal_GND23_Small	200	200
Device	Crystal_GND24	300	400
Device	Crystal_GND24_Small	200	200
Device	Crystal_GND2_Small	200	200
Device	Crystal_GND3	300	400
Device	Crystal_GND3_Small	200	200
Device	Crystal_Small	200	120
Device	Resonator	300	400
Device	Resonator_Small	280	400
Diode	1.5KExxA	300	100
Diode	1.5KExxCA	300	100
Diode	1N4001	300	100
Diode	1N4148	300	100
Diode	1N4148WS	300	100
Diode	1N4148WT	300	100
Diode	1N53xxB	300	100
Diode	1N5400	300	100
Diode	1N5711UR	300	100
Diode	1N5820	300	100
Diode	1N6263	300	100
Diode	2BZX84Cxx	300	400
Diode	5KPxxA	300	100
Diode	5KPxxCA	300	100
Diode	B120-E3	300	100
Diode	B220	300	100
Diode	B320	300	100
Diode	BAR42FILM	300	100
Diode	BAS16TW	300	100
Diode	BAS16W	300	100
Diode	BAS40-04	600	300
Diode	BAT48JFILM	300	100
Diode	BAT48ZFILM	300	100
Diode	BAT54A	600	400
Diode	BAT54ADW	300	100
Diode	BAT54AW	600	400
Diode	BAT54C	600	400
Diode	BAT54CW	600	400
Diode	BAT54J	300	100
Diode	BAT54S	600	400
Diode	BAT54SW	600	400
Diode	BAT54W	300	100
Diode	BAV70	600	400
Diode	BAV70M	600	400
Diode	BAV70S	600	400
Diode	BAV70T	600	400
Diode	BAV70W	600	400
Diode	BAV756S	600	400
Diode	BAV99	600	400
Diode	BAV99S	600	400
Diode	BYV79-100	300	100
Diode	BZD27Cxx	300	100
Diode	BZM55Bxx	300	100
Diode	BZT52Bxx	300	100
Diode	BZX384-xxx	300	100
Diode	BZX84Cxx	300	100
Diode	C3D02060F	300	100
Diode	C3D06060G	300	100
Diode	C3D16060D	400	300
Diode	C3D1P7060Q	300	100
Diode	C4D10120H	300	100
Diode	CD4148W	300	100
Diode	CSD01060E	300	100
Diode	DB3	300	200
Diode	ESD9B5.0ST5G	300	100
Diode	IDDD04G65C6	300	100
Diode	LL41	300	100
Diode	LL4148	300	100
Diode	MBR735	300	100
Diode	MCL4148	300	100
Diode	MM3Zxx	300	100
Diode	MM5Zxx	300	100
Diode	MMBZxx	300	400
Diode	MMSD914	300	100
Diode	MRA4003T3G	300	100
Diode	PMEG2005EH	300	100
Diode	PMEG2005EJ	300	100
Diode	PMEG2010AET	300	100
Diode	PMEG4050EP	300	100
Diode	Rohm_UMN1N	300	100
Diode	Rohm_UMP11N	300	100
Diode	S2JTR	300	100
Diode	SB120	300	100
Diode	SD05_SOD323	300	100
Diode	SD103ATW	300	100
Diode	SM4001	300	100
Diode	SM712_SOT23	700	300
Diode	STTH212S	300	100
Diode	VS-6ESU06	300	100
Diode	Z1SMAxxx	300	100
Diode	Z2SMBxxx	300	100
Diode	Z3SMCxxx	300	100
Diode	ZMDxx	300	100
Diode	ZMYxx	300	100
Diode	ZPDxx	300	100
Diode	ZPYxx	300	100
LED	HDSP-4830	400	100
LED	HDSP-4830_2	400	1200
LED	HDSP-4832	400	100
LED	HDSP-4832_2	400	1200
LED	HDSP-4836	400	100
LED	HDSP-4836_2	400	1200
LED	HDSP-4840	400	100
LED	HDSP-4840_2	400	1200
LED	HDSP-4850	400	100
LED	HDSP-4850_2	400	1200
LED	HLCP-J100	400	100
LED	HLCP-J100_2	400	1200
LED	APA-106-F5	600	600
LED	APA102	600	600
LED	APA102-2020	600	600
LED	APFA3010	400	700
LED	ASMB-MTB0-0A3A2	400	700
LED	ASMB-MTB1-0A3A2	400	800
LED	ASMT-YTC2-0AA02	600	400
LED	CLS6B-FKW	600	400
LED	CLV1L-FKB	400	660
LED	IR26-21C_L110_TR8	360	180
LED	IRL81A	400	250
LED	Inolux_IN-PI554FCH	600	600
LED	Inolux_IN-PI556FCH	600	600
LED	LD271	400	250
LED	LED_Cree_XHP50_12V	700	400
LED	LED_Cree_XHP50_6V	500	800
LED	LED_Cree_XHP70_12V	700	400
LED	LED_Cree_XHP70_6V	500	800
LED	NeoPixel_THT	600	600
LED	QLS6A-FKW	600	600
LED	SFH4356P	400	250
LED	SFH460	400	250
LED	SFH482	400	250
LED	SK6805	600	600
LED	SK6812	600	600
LED	SK6812MINI	600	600
LED	SMLVN6RGB	400	660
LED	WS2812B	600	600
LED	WS2812S	600	600
LED	WS2813	600	600
LED	WS2822S	600	600
Motor	Fan	256	600
Motor	Fan_ALT	360	600
Motor	Fan_IEC60617	260	600
Motor	Fan_Tacho	600	600
Motor	Fan_Tacho_PWM	600	600
Motor	Motor_AC	256	600
Motor	Motor_DC	256	600
Motor	Motor_DC_ALT	234	600
Motor	Motor_Servo	600	350
Motor	Motor_Servo_AirTronics	600	350
Motor	Stepper_Motor_bipolar	600	600
Motor	Stepper_Motor_unipolar_5pin	600	600
Motor	Stepper_Motor_unipolar_6pin	600	600
Oscillator	5P49V6965	1000	2400
Oscillator	ASDMB-xxxMHz	800	600
Oscillator	KT2520K-T	600	600
Oscillator	LTC6905xS5-80	800	600
Oscillator	MAX7375AXR805	800	600
Oscillator	MV267	800	600
Oscillator	MV317	800	600
Oscillator	NB3N502	800	1000
Oscillator	NB3N511	800	1000
Oscillator	Si512A_2.5x3.2mm	800	800
Oscillator	Si513A_2.5x3.2mm	800	800
Oscillator	Si5351A-B-GM	1200	1800
Oscillator	Si5351A-B-GT	1000	1000
Oscillator	Si5351B-B-GM	1200	1800
Oscillator	Si5351C-B-GM	1200	1800
Oscillator	Si570	1000	800
Oscillator	Si571	1200	1000
Oscillator	XUX51	800	600
Oscillator	XUX71	800	600
Oscillator	XUY51	800	600
Oscillator	XUY71	800	600
Oscillator	ABLNO	800	600
Oscillator	ACO-xxxMHz-A	1000	600
Oscillator	ASCO	800	600
Oscillator	ASE-xxxMHz	600	600
Oscillator	ASV-xxxMHz	600	600
Oscillator	CXO_DIP14	600	600
Oscillator	CXO_DIP8	600	600
Oscillator	DFA-S11	800	600
Oscillator	DFA-S15	800	600
Oscillator	DFA-S2	800	600
Oscillator	DFA-S3	800	600
Oscillator	DGOF5S3	600	600
Oscillator	ECS-2520MV-xxx-xx	800	600
Oscillator	IQXO-70	600	600
Oscillator	JTOS-50	800	600
Oscillator	OCXO-14	1000	600
Oscillator	OH300	800	600
Oscillator	SG-210SED	600	600
Oscillator	SG-210STF	600	600
Oscillator	SG-3030CM	600	600
Oscillator	SG-5032CAN	600	600
Oscillator	SG-7050CAN	600	600
Oscillator	SG-8002CA	600	600
Oscillator	SG-8002CE	600	600
Oscillator	SG-8002DB	600	600
Oscillator	SG-8002DC	600	600
Oscillator	SG-8002JA	600	600
Oscillator	SG-8002JC	600	600
Oscillator	SG-8002LB	600	600
Oscillator	TCXO3	1200	800
Oscillator	TXC-7C	600	600
Oscillator	VC-81	1000	600
Oscillator	XO32	600	600
Oscillator	XO53	600	600
Oscillator	XO91	600	600
Transistor_BJT	2N2219	400	400
Transistor_BJT	2N2646	400	400
Transistor_BJT	2N3055	400	400
Transistor_BJT	2N3904	400	400
Transistor_BJT	2N3906	400	400
Transistor_BJT	2SA1015	400	400
Transistor_BJT	2SB631	400	400
Transistor_BJT	2SB817	400	400
Transistor_BJT	2SC1815	400	400
Transistor_BJT	2SC1941	400	400
Transistor_BJT	2SC1945	400	400
Transistor_BJT	2SD1047	400	400
Transistor_BJT	2SD600	400	400
Transistor_BJT	BC107	400	400
Transistor_BJT	BC160	400	400
Transistor_BJT	BC237	400	400
Transistor_BJT	BC240	400	400
Transistor_BJT	BC307	400	400
Transistor_BJT	BC413	400	400
Transistor_BJT	BC516	400	400
Transistor_BJT	BC517	400	400
Transistor_BJT	BC547	400	400
Transistor_BJT	BC557	400	400
Transistor_BJT	BC636	400	400
Transistor_BJT	BC807	400	400
Transistor_BJT	BC807W	400	400
Transistor_BJT	BC817	400	400
Transistor_BJT	BC817W	400	400
Transistor_BJT	BC846BPN	400	400
Transistor_BJT	BC846BS	400	400
Transistor_BJT	BC856BS	400	400
Transistor_BJT	BCP51	400	400
Transistor_BJT	BCV29	400	400
Transistor_BJT	BCV61	420	400
Transistor_BJT	BCV62	420	400
Transistor_BJT	BCX51	400	400
Transistor_BJT	BCX56	400	400
Transistor_BJT	BD139	400	400
Transistor_BJT	BD140	400	400
Transistor_BJT	BD249	400	400
Transistor_BJT	BD250	400	400
Transistor_BJT	BD433	400	400
Transistor_BJT	BD434	400	400
Transistor_BJT	BD910	400	400
Transistor_BJT	BD911	400	400
Transistor_BJT	BDW93	400	400
Transistor_BJT	BDW94	400	400
Transistor_BJT	BF199	400	400
Transistor_BJT	BF457	400	400
Transistor_BJT	BFR92	400	400
Transistor_BJT	BFT92	400	400
Transistor_BJT	BUT11	400	400
Transistor_BJT	DTA113T	500	400
Transistor_BJT	DTA113Z	500	400
Transistor_BJT	DTA114E	500	400
Transistor_BJT	DTA114G	500	400
Transistor_BJT	DTA114T	500	400
Transistor_BJT	DTA114W	500	400
Transistor_BJT	DTA114Y	500	400
Transistor_BJT	DTA115E	500	400
Transistor_BJT	DTA115G	500	400
Transistor_BJT	DTA115T	500	400
Transistor_BJT	DTA115U	500	400
Transistor_BJT	DTA123E	500	400
Transistor_BJT	DTA123J	500	400
Transistor_BJT	DTA123Y	500	400
Transistor_BJT	DTA124E	500	400
Transistor_BJT	DTA124G	500	400
Transistor_BJT	DTA124T	500	400
Transistor_BJT	DTA124X	500	400
Transistor_BJT	DTA125T	500	400
Transistor_BJT	DTA143E	500	400
Transistor_BJT	DTA143T	500	400
Transistor_BJT	DTA143X	500	400
Transistor_BJT	DTA143Y	500	400
Transistor_BJT	DTA143Z	500	400
Transistor_BJT	DTA144E	500	400
Transistor_BJT	DTA144G	500	400
Transistor_BJT	DTA144T	500	400
Transistor_BJT	DTA144V	500	400
Transistor_BJT	DTA144W	500	400
Transistor_BJT	DTA1D3R	500	400
Transistor_BJT	DTA214Y	500	400
Transistor_BJT	DTB113E	500	400
Transistor_BJT	DTB113Z	500	400
Transistor_BJT	DTB114E	500	400
Transistor_BJT	DTB114G	500	400
Transistor_BJT	DTB114T	500	400
Transistor_BJT	DTB122J	500	400
Transistor_BJT	DTB123E	500	400
Transistor_BJT	DTB123T	500	400
Transistor_BJT	DTB123Y	500	400
Transistor_BJT	DTB133H	500	400
Transistor_BJT	DTB143T	500	400
Transistor_BJT	DTB163T	500	400
Transistor_BJT	DTC113T	500	400
Transistor_BJT	DTC113Z	500	400
Transistor_BJT	DTC114E	500	400
Transistor_BJT	DTC114G	500	400
Transistor_BJT	DTC114T	500	400
Transistor_BJT	DTC114W	500	400
Transistor_BJT	DTC114Y	500	400
Transistor_BJT	DTC115E	500	400
Transistor_BJT	DTC115G	500	400
Transistor_BJT	DTC115T	500	400
Transistor_BJT	DTC115U	500	400
Transistor_BJT	DTC123E	500	400
Transistor_BJT	DTC123J	500	400
Transistor_BJT	DTC123Y	500	400
Transistor_BJT	DTC124E	500	400
Transistor_BJT	DTC124G	500	400
Transistor_BJT	DTC124T	500	400
Transistor_BJT	DTC124X	500	400
Transistor_BJT	DTC125T	500	400
Transistor_BJT	DTC143E	500	400
Transistor_BJT	DTC143T	500	400
Transistor_BJT	DTC143X	500	400
Transistor_BJT	DTC143Y	500	400
Transistor_BJT	DTC143Z	500	400
Transistor_BJT	DTC144E	500	400
Transistor_BJT	DTC144G	500	400
Transistor_BJT	DTC144T	500	400
Transistor_BJT	DTC144V	500	400
Transistor_BJT	DTC144W	500	400
Transistor_BJT	DTC1D3R	500	400
Transistor_BJT	DTC214Y	500	400
Transistor_BJT	DTD113E	500	400
Transistor_BJT	DTD113Z	500	400
Transistor_BJT	DTD114E	500	400
Transistor_BJT	DTD114G	500	400
Transistor_BJT	DTD114T	500	400
Transistor_BJT	DTD122J	500	400
Transistor_BJT	DTD123E	500	400
Transistor_BJT	DTD123T	500	400
Transistor_BJT	DTD123Y	500	400
Transistor_BJT	DTD133H	500	400
Transistor_BJT	DTD143T	500	400
Transistor_BJT	DTD163T	500	400
Transistor_BJT	FMB2227A	400	400
Transistor_BJT	KTD1624	400	400
Transistor_BJT	MAT02	400	400
Transistor_BJT	MJ2955	400	400
Transistor_BJT	MJE13003	400	400
Transistor_BJT	MJE13007G	400	400
Transistor_BJT	MMBTA42	400	400
Transistor_BJT	MMBTA92	400	400
Transistor_BJT	MPSA42	400	400
Transistor_BJT	MPSA92	400	400
Transistor_BJT	MUN5211DW1	700	400
Transistor_BJT	PN2222A	400	400
Transistor_BJT	PZT2222A	400	400
Transistor_BJT	PZT3904	400	400
Transistor_BJT	PZT3906	400	400
Transistor_BJT	PZTA42	400	400
Transistor_BJT	PZTA92	400	400
Transistor_BJT	S8050	400	400
Transistor_BJT	S8550	400	400
Transistor_BJT	SSM2210	400	400
Transistor_BJT	SSM2220	400	400
Transistor_BJT	TIP120	400	400
Transistor_BJT	TIP125	400	400
Transistor_BJT	TIP2955	400	400
Transistor_BJT	TIP2955G	400	400
Transistor_BJT	TIP3055	400	400
Transistor_BJT	TIP3055G	400	400
Transistor_FET	2N7000	400	400
Transistor_FET	3SK263	400	400
Transistor_FET	BF244A	400	400
Transistor_FET	BF245A	400	400
Transistor_FET	BF545A	400	400
Transistor_FET	BS107	400	400
Transistor_FET	BS250	400	400
Transistor_FET	BSB008NE2LX	400	400
Transistor_FET	BSB028N06NN3	400	400
Transistor_FET	BSB104N08NP3	400	400
Transistor_FET	BSB165N15NZ3	400	400
Transistor_FET	BSC13DN30NSFD	400	400
Transistor_FET	BSF030NE2LQ	400	400
Transistor_FET	BSF450NE7NH3	400	400
Transistor_FET	BSP129	400	400
Transistor_FET	BSP89	400	400
Transistor_FET	BSR56	400	400
Transistor_FET	BSS138	400	400
Transistor_FET	BSS214NW	400	400
Transistor_FET	BUK9M53-60EX	400	400
Transistor_FET	BUZ11	400	400
Transistor_FET	C3M0030090K	400	400
Transistor_FET	C3M0065090D	400	400
Transistor_FET	C3M0065090J	400	400
Transistor_FET	CSD16301Q2	400	400
Transistor_FET	CSD17578Q5A	400	400
Transistor_FET	CSD19537Q3	400	400
Transistor_FET	CSD25302Q2	600	400
Transistor_FET	DMC2053UVT	600	400
Transistor_FET	DMG1012T	400	400
Transistor_FET	DMP3013SFV	400	400
Transistor_FET	FDC6330L	600	750
Transistor_FET	FDG1024NZ	400	400
Transistor_FET	FDMC8032L	400	400
Transistor_FET	FDS6890A	400	400
Transistor_FET	IPD50R380CE	400	400
Transistor_FET	IPDD60R050G7	400	400
Transistor_FET	IPT012N08N5	400	400
Transistor_FET	IRF40DM229	400	400
Transistor_FET	IRF60DM206	400	400
Transistor_FET	IRF6613	400	400
Transistor_FET	IRF6655	400	400
Transistor_FET	IRF6710S2	400	400
Transistor_FET	IRF6718L2	400	400
Transistor_FET	IRF6802SD	400	400
Transistor_FET	IRF6892S	400	400
Transistor_FET	IRF7309IPBF	400	400
Transistor_FET	IRF7324	400	400
Transistor_FET	IRF7404	400	400
Transistor_FET	IRF7606PBF	400	400
Transistor_FET	IRF7607PBF	400	400
Transistor_FET	IRF7665S2	400	400
Transistor_FET	IRF7739L1	400	400
Transistor_FET	IRF8721PBF-1	400	400
Transistor_FET	IRF9383M	400	400
Transistor_FET	IRF9394M	400	400
Transistor_FET	IRF9540N	400	400
Transistor_FET	IRFI4019H	400	800
Transistor_FET	IRL6283M	400	400
Transistor_FET	IRLIZ44N	400	400
Transistor_FET	PGA26E07BA	400	400
Transistor_FET	PSMN5R2-60YL	400	400
Transistor_FET	QM6015D	400	400
Transistor_FET	SUD19P06-60	400	400
Transistor_FET	Si1442DH	400	400
Transistor_FET	Si7141DP	400	400
Transistor_FET	Si7336ADP	400	400
Transistor_FET	SiA453EDJ	400	400
Transistor_FET	SiS415DNT	400	400
Transistor_FET	TP0610L	400	400
Transistor_FET	TP0610T	400	400
Transistor_FET	ZXMP4A16G	400	400
Transistor_IGBT	IRG4PF50W	400	400
Triac_Thyristor	Z0103MN	300	300
Triac_Thyristor	BT169B	300	300
Triac_Thyristor	TIC106	300	300
Triac_Thyristor	TIC226	300	300
eSim_Hybrid	adc_bridge_1	1200	400
eSim_Hybrid	adc_bridge_2	1200	400
eSim_Hybrid	adc_bridge_3	1200	400
eSim_Hybrid	adc_bridge_4	1100	700
eSim_Hybrid	adc_bridge_5	1200	800
eSim_Hybrid	adc_bridge_6	1200	1000
eSim_Hybrid	adc_bridge_7	1200	1200
eSim_Hybrid	adc_bridge_8	1200	1400
eSim_Hybrid	dac_bridge_1	1200	400
eSim_Hybrid	dac_bridge_2	1100	400
eSim_Hybrid	dac_bridge_3	1200	400
eSim_Hybrid	dac_bridge_4	1100	700
eSim_Hybrid	dac_bridge_5	1200	800
eSim_Hybrid	dac_bridge_6	1200	1000
eSim_Hybrid	dac_bridge_7	1200	1200
eSim_Hybrid	dac_bridge_8	1200	1400
eSim_Sources	VCVS	600	400
eSim_Sources	CCCS	600	400
eSim_Sources	VCCS	600	400
eSim_Sources	CCVS	600	400
eSim_Sources	dc	300	900
eSim_Sources	DC	300	900
eSim_Sources	eSim_AC	300	900
eSim_Sources	exp	300	900
eSim_Sources	pulse	300	900
eSim_Sources	pwl	300	900
eSim_Sources	sine	300	900
power	PWR_FLAG	80	200
power	+10V	60	200
power	+12C	60	200
power	+12L	60	200
power	+12LF	60	200
power	+12P	60	200
power	+12V	60	200
power	+12VA	60	200
power	+15V	60	200
power	+1V0	60	200
power	+1V1	60	200
power	+1V2	60	200
power	+1V35	60	200
power	+1V5	60	200
power	+1V8	60	200
power	+24V	60	200
power	+28V	60	200
power	+2V5	60	200
power	+2V8	60	200
power	+3.3VA	60	200
power	+3.3VADC	60	200
power	+3.3VDAC	60	200
power	+3.3VP	60	200
power	+36V	60	200
power	+3V0	60	200
power	+3V3	60	200
power	+3V8	60	200
power	+48V	60	200
power	+4V	60	200
power	+5C	60	200
power	+5F	60	200
power	+5P	60	200
power	+5V	60	200
power	+5VA	60	200
power	+5VD	60	200
power	+5VL	60	200
power	+5VP	60	200
power	+6V	60	200
power	+7.5V	60	200
power	+8V	60	200
power	+9V	60	200
power	+9VA	60	200
power	+BATT	60	200
power	+VDC	150	400
power	+VSW	60	200
power	-10V	60	200
power	-12V	60	200
power	-12VA	60	200
power	-15V	60	200
power	-24V	60	200
power	-2V5	60	200
power	-36V	60	200
power	-3V3	60	200
power	-48V	60	200
power	-5V	60	200
power	-5VA	60	200
power	-6V	60	200
power	-8V	60	200
power	-9V	60	200
power	-9VA	60	200
power	-BATT	60	200
power	-VDC	150	400
power	-VSW	60	200
power	AC	150	400
power	Earth	100	200
power	Earth_Clean	200	300
power	Earth_Protective	200	500
power	GND	100	200
power	GND1	100	200
power	GND2	100	200
power	GND3	100	200
power	GNDA	100	200
power	GNDD	100	160
power	GNDPWR	100	160
power	GNDREF	100	200
power	GNDS	100	200
power	HT	40	140
power	LINE	60	200
power	NEUT	60	200
power	PRI_HI	60	200
power	PRI_LO	60	200
power	PRI_MID	60	200
power	VAA	60	200
power	VAC	150	400
power	VBUS	60	200
power	VCC	60	200
power	VCCQ	60	200
power	VCOM	60	200
power	VD	60	200
power	VDC	60	200
power	VDD	60	200
power	VDDA	60	200
power	VDDF	60	200
power	VEE	60	200
power	VMEM	60	200
power	VPP	60	200
power	VS	60	200
power	VSS	60	200
power	VSSA	60	200
power	Vdrive	60	200
pspice	CAP	300	500
pspice	DIODE	400	200
pspice	0	100	100
pspice	ISOURCE	700	800
pspice	INDUCTOR	500	200
pspice	MNMOS	400	400
pspice	MPMOS	400	400
pspice	QNPN	600	700
pspice	QPNP	600	700
pspice	R	80	500
pspice	OPAMP	600	600
pspice	VSOURCE	600	600
