id,Block names,Initial Input Ports Explicit,Initial Input Ports Implicit,Initial Output Ports Explicit,Initial Output Ports Implicit,Initial Control Ports,Initial Command Ports,Initial Display Parameter,Variable Input Ports Explicit,Variable Input Ports Implicit,Variable Output Ports Explicit,Variable Output Ports Implicit,Variable Control ports,Variable Command Ports,Variable Display Parameter,P000,P000 Types,P001,P001 Types,P002,P002 Types,P003,P003 Types,P004,P004 Types,P005,P005 Types,P006,P006 Types,P007,P007 Types,P008,P008 Types,P009,P009 Types,P010,P010 Types,P011,P011 Types,P012,P012 Types,P013,P013 Types,P014,P014 Types,P015,P015 Types,P016,P016 Types,P017,P017 Types,P018,P018 Types,P019,P019 Types
54,ABS_VALUE,1,0,1,0,0,0,ABS,1,0,1,0,0,0,ABS,use zero crossing (0/1)?,boolean,,,,,,,,,,,,,,,,,,,,,,,,,,,,,,,,,,,,,,
166,AFFICH_m,1,0,0,0,1,0,0.0,1,0,0,0,0/1,0,0.0,input size,vector of doubles,font number,double,font size,double,color,double,total number of digits,double,number of rational part digits,double,block inherits (0/1)?,boolean,,,,,,,,,,,,,,,,,,,,,,,,,,
34,ANDBLK,0,0,0,0,2,1,,0,0,0,0,2,1,,,,,,,,,,,,,,,,,,,,,,,,,,,,,,,,,,,,,,,,,
35,ANDLOG_f,0,0,1,0,2,0,,0,0,1,0,2,0,,,,,,,,,,,,,,,,,,,,,,,,,,,,,,,,,,,,,,,,,
20,AUTOMAT,2,0,2,0,0,1,"Automaton nM=2, nX=1",2,0,2,0,0,1,"Automaton nM=2, nX=1",Number(finite state) Mode,integer,Initial Mode,integer,Number of continuous timestates,integer,Continuous time states initial value,integer,Xproperties of continuous time states in each mode,vector of integers,Jump from Mode 1:[..;M_final(Guard=In(1).i);..],integer,Jump from Mode 2:[..;M_final(Guard=In(1).i);..],integer,,,,,,,,,,,,,,,,,,,,,,,,,,
209,Bache,0,2,1,2,0,0,,0,2,1,2,0,0,,Pressure in the sky of the cover: Patm (pa),double,Sheet section: A (m2),double,Altitude of the inlet 1 nozzle: ze1 (m),double,Altitude of the inlet 2 nozzle: ze2 (m),double,Altitude of the outlet 1 nozzle: zs1 (m),double,Altitude of the outlet 2 nozzle: zs2 (m),double,Initial altitude of the fluid: z0 (m),double,Initial fluid temperature: T0 (K),double,"If>0, imposed fluid density: p_rho (kg/m3)",double,,,,,,,,,,,,,,,,,,,,,,
14,BACKLASH,1,0,1,0,0,0,Backlash,1,0,1,0,0,0,Backlash,initial output,double,gap,double,"use zero crossing(0:no, 1:yes)",boolean,,,,,,,,,,,,,,,,,,,,,,,,,,,,,,,,,,
167,BARXY,2,0,0,0,1,0,,2,0,0,0,1,0,,Xmin,double,Xmax,double,Ymin,double,Ymax,double,Segs Thickness,double,,,,,,,,,,,,,,,,,,,,,,,,,,,,,,
55,BIGSOM_f,2,0,1,0,0,0,,n,0,1,0,0,0,,Inputs port sign/gain,vector of doubles,,,,,,,,,,,,,,,,,,,,,,,,,,,,,,,,,,,,,,
125,BITCLEAR,1,0,1,0,0,0,Clear bit 0,1,0,1,0,0,0,Clear bit 0,"Data type (3:int32, 4:int16, 5:int8,..)",integer,Index of Bit (0 is least significant),integer,,,,,,,,,,,,,,,,,,,,,,,,,,,,,,,,,,,,
126,BITSET,1,0,1,0,0,0,Set bit 0,1,0,1,0,0,0,Set bit 0,"Data type (3:int32, 4:int16, 5:int8,..)",integer,Index of Bit( 0is least significant),integer,,,,,,,,,,,,,,,,,,,,,,,,,,,,,,,,,,,,
215,BOUNCE,0,0,2,0,0,0,Bouncing balls,0,0,2,0,0,0,Bouncing balls,Mass,vector of doubles,Radius,vector of doubles,"[xmin,xmax,ymin,ymax]",vector of doubles,xpos,vector of doubles,xdpos,vector of doubles,ypos,vector of doubles,ydpos,vector of doubles,g(gravity),double,C(aerodynamic coeff),double,,,,,,,,,,,,,,,,,,,,,,
216,BOUNCEXY,2,0,0,0,1,0,,2,0,0,0,1,0,,colors,vector of doubles,radii,vector of doubles,window number( -1 for automatic),double,"animation mode(0,1)",double,Xmin,double,Xmax,double,Ymin,double,Ymax,double,,,,,,,,,,,,,,,,,,,,,,,,
217,BPLATFORM,2,0,0,0,1,0,,2,0,0,0,1,0,,pendulum length,double,cart size (square side),double,slope,double,Xmin,double,Xmax,double,Ymin,double,Ymax,double,,,,,,,,,,,,,,,,,,,,,,,,,,
218,c_block,1,0,1,0,0,0,C block : toto,1,0,1,0,0,0,C block : n,input ports sizes,double,output port sizes,double,System parameters vector,vector of doubles,function name,string,,,,,,,,,,,,,,,,,,,,,,,,,,,,,,,,
168,CANIMXY,2,0,0,0,1,0,,2,0,0,0,1,0,,Number of curves,double,color(>0) or mark(<0),double,line or mark size,double,Output window number,double,Output window size,vector of doubles,Xmin,double,Xmax,double,Ymin,double,Ymax,double,Buffer size,double,Output window position,vector of doubles,,,,,,,,,,,,,,,,,,
169,CANIMXY3D,3,0,0,0,1,0,,3,0,0,0,1,0,,Number of curves,double,color(>0) or mark(<0),double,line or mark size,double,Output window number,double,Output window position,vector of doubles,Output window sizes,vector of doubles,Xmin and Xmax,double,Ymin and Ymax,double,Zmin and Zmax,double,Alpha and Theta,double,Buffer size,double,,,,,,,,,,,,,,,,,,
102,Capacitor,0,1,0,1,0,0,,1,1,1,1,0,0,,C(F),double,Initial Voltage,integer,,,,,,,,,,,,,,,,,,,,,,,,,,,,,,,,,,,,
219,CBLOCK,1,0,1,0,0,0,C block 2: toto,1,0,1,0,0/1,0/1,C block 2 : n,simulation function,string,"is block implicit(y,n)",yesno,input ports sizes,double,output ports sizes,double,input event ports sizes,vector of integers,output events ports size,vector of integers,initial continuous state,vector of integers,number of zero crossing surfaces,double,initial discrete state,vector of integers,Real parameters vector,vector of integers,Integer parameters vector,vector of integers,Initial firing vector(0< for no firing),vector of integers,direct feedthrough( y or n),yesno,time dependence (y or n),yesno,,,,,,,,,,,,
220,CBLOCK4,1,0,1,0,0,0,C block 4: toto,1,0,1,0,0/2,0,C block 4 : n,simulation function,string,"is block implicit(y,n)",yesno,input ports sizes,vector of doubles,input ports type,integer,Output ports size,vector of doubles,Output ports type,integer,Input event ports sizes,vector of integers,Output events ports sizes,vector of integers,Initial continuous state,vector of doubles,Initial discrete state,vector of doubles,Initial object state,double,Real parameters vector,vector of doubles,Integer parameters vector,vector of doubles,Object paramters list,double,Number of modes,double,Number of zero crossing,double,Initial firing vector(0< for no firing),vector of integers,direct feedthrough( y or n),yesno,time dependence (y or n),yesno,,
103,CCS,1,1,0,1,0,0,,1,1,0,1,0,0,,,,,,,,,,,,,,,,,,,,,,,,,,,,,,,,,,,,,,,,,
36,CEVENTSCOPE,0,0,0,0,1,0,,0,0,0,0,1,0,,Number of event inputs,integer,color(>0) or mark(<0),integer,Output window number,integer,Output window position,vector of integers,Output window size,vector of integers,Refresh period,integer,,,,,,,,,,,,,,,,,,,,,,,,,,,,
170,CFSCOPE,0,0,0,0,1,0,,0,0,0,0,1,0,,color(>0) or mark(<0) vector,double,Output window number,double,Output window position,vector of doubles,Ymin,double,Ymax,double,Refresh period,double,Buffer size,double,Links to view,double,Output window sizes,vector of doubles,,,,,,,,,,,,,,,,,,,,,,
3,CLINDUMMY_f,0,0,0,0,0,0,,0,0,0,0,0,0,,,,,,,,,,,,,,,,,,,,,,,,,,,,,,,,,,,,,,,,,
140,CLKFROM,0,0,0,0,0,1,A,0,0,0,0,0,1,n,Tag,string,,,,,,,,,,,,,,,,,,,,,,,,,,,,,,,,,,,,,,
141,CLKGOTO,0,0,0,0,1,0,A,0,0,0,0,1,0,n,Tag,string,"Tag Visibility(1=Local, 2=Scoped, 3=Global)",integer,,,,,,,,,,,,,,,,,,,,,,,,,,,,,,,,,,,,
37,CLKGotoTagVisibility,0,0,0,0,0,0,{A},0,0,0,0,0,0,{n},GoToTag,string,,,,,,,,,,,,,,,,,,,,,,,,,,,,,,,,,,,,,,
184,CLKINV_f,0,0,0,0,0,1,1,0,0,0,0,0,1,n,Port Number,double,,,,,,,,,,,,,,,,,,,,,,,,,,,,,,,,,,,,,,
171,CLKOUTV_f,0,0,0,0,1,0,1,0,0,0,0,1,0,n,Port Number,integer,,,,,,,,,,,,,,,,,,,,,,,,,,,,,,,,,,,,,,
38,CLKSOMV_f,0,0,0,0,3,1,,0,0,0,0,3,1,,,,,,,,,,,,,,,,,,,,,,,,,,,,,,,,,,,,,,,,,
185,CLOCK_c,0,0,0,0,0,1,,0,0,0,0,0,1,,Period,double,Initialisation Time,double,,,,,,,,,,,,,,,,,,,,,,,,,,,,,,,,,,,,
4,CLR,1,0,1,0,0,0,1/(1+s),1,0,1,0,0,0,num/den,Numerator,double,Denominator,double,,,,,,,,,,,,,,,,,,,,,,,,,,,,,,,,,,,,
5,CLSS,1,0,1,0,0,0,"xd = Ax+ Bu, y = Cx + Du",1,0,1,0,0,0,"xd = Ax+ Bu, y = Cx + Du",A matrix,double,B matrix,double,C matrix,double,D matrix,double,initial state,double,,,,,,,,,,,,,,,,,,,,,,,,,,,,,,
172,CMAT3D,1,0,0,0,1,0,,1,0,0,0,1,0,,Bounds vector X,double,Bounds vector Y,double,ColorMap,vector of integers,Zmin,double,Zmax,double,,,,,,,,,,,,,,,,,,,,,,,,,,,,,,
173,CMATVIEW,1,0,0,0,1,0,,1,0,0,0,1,0,,ColorMap,vector of integers,Minimum level range,double,Maximum level range,double,,,,,,,,,,,,,,,,,,,,,,,,,,,,,,,,,,
174,CMSCOPE,2,0,0,0,1,0,,n,0,0,0,0/1,0,,Input ports size,vector of doubles,Drawing colors or mark,vector of doubles,Output window number,double,Output window position,vector of doubles,Output window sizes,vector of doubles,Ymin vector,double,Ymax vector,double,Refresh Period,double,Buffer size,double,Accept herited events,boolean,Name of scope,string,,,,,,,,,,,,,,,,,,
186,CONST,0,0,1,0,0,0,1,0,0,1,0,0,0,n,Constant,double,,,,,,,,,,,,,,,,,,,,,,,,,,,,,,,,,,,,,,
187,CONST_f,0,0,1,0,0,0,1,0,0,1,0,0,0,n,Constant,double,,,,,,,,,,,,,,,,,,,,,,,,,,,,,,,,,,,,,,
188,CONST_m,0,0,1,0,0,0,1,0,0,1,0,0,0,n,Constant value,double,,,,,,,,,,,,,,,,,,,,,,,,,,,,,,,,,,,,,,
104,ConstantVoltage,0,1,0,1,0,0,,1,1,1,1,0,0,,V(volt),double,,,,,,,,,,,,,,,,,,,,,,,,,,,,,,,,,,,,,,
162,CONSTRAINT_c,1,0,1,0,0,0,x == 0,1,0,1,0,0,0,x == n,Initial guess value,double,,,,,,,,,,,,,,,,,,,,,,,,,,,,,,,,,,,,,,
163,CONSTRAINT2_c,1,0,2,0,0,0,"x == 0,  x' == 0",1,0,2,0,0,0,"x == n,  x' == n",Initial guess value of state x,double,initial guess value of derivative x,double,"ld(1)=1: If x(i) is present in the feedback, else ld(i)=0",boolean,,,,,,,,,,,,,,,,,,,,,,,,,,,,,,,,,,
127,CONVERT,1,0,1,0,0,0,Convert to,1,0,1,0,0,0,Convert to,"Input type (1:double, 3:int32, 4:int16, 5:int8,..)",integer,"Output type  (1:double, 3:int32, 4:int16, 5:int8,..)",integer,"Do on overflow( 0:Nothing, 1:Saturate, 2:Error)",integer,,,,,,,,,,,,,,,,,,,,,,,,,,,,,,,,,,
56,COSBLK_f,1,0,1,0,0,0,cos,1,0,1,0,0,0,cos,,,,,,,,,,,,,,,,,,,,,,,,,,,,,,,,,,,,,,,,
189,Counter,0,0,1,0,1,0,Counter 0 --> 2,0,0,1,0,1,0,Counter n --> n,Minimum,double,Maximum,double,"Rule( 1:increment, 2:Decrement)",integer,,,,,,,,,,,,,,,,,,,,,,,,,,,,,,,,,,
175,CSCOPE,1,0,0,0,1,0,,1,0,0,0,1/0,0,,Color(>0) or mark(<0)vector(8 entries),double,Output window number,double,Output window position,vector of doubles,Output window sizes,vector of doubles,Ymin,double,Ymax,double,Refresh period,double,Buffer size,double,Accept herited events 0/1,boolean,Name of scope,string,,,,,,,,,,,,,,,,,,,,
176,CSCOPXY,2,0,0,0,1,0,"x, y",2,0,0,0,1,0,"x, y",Number of curves,double,color(>0) or mark(<0),double,line or mark size,double,Output window number,double,Output window position,vector of doubles,Output window size,vector of doubles,Xmin,double,Xmax,double,Ymin,double,Yaxm,double,Buffer size,double,,,,,,,,,,,,,,,,,,
177,CSCOPXY3D,3,0,0,0,1,0,"x, y, z",3,0,0,0,1,0,"x, y, z",Number of curves,double,color(>0) or mark(<0),double,line or mark size,double,Output window number,double,Output window position,vector of doubles,Output window size,vector of doubles,Xmin and Xmax,double,Ymin and Ymax,double,Zmin and Zmax,double,Alpha and Theta,double,Buffer size,double,,,,,,,,,,,,,,,,,,
76,CUMSUM,1,0,1,0,0,0,CUMSUM,1,0,1,0,0,0,CUMSUM,Datatype(1=real double 2=Complex),integer,Sum along(0=the first non singleton dimension 1=Rows 2=Columns)  ,integer,,,,,,,,,,,,,,,,,,,,,,,,,,,,,,,,,,,,
105,CurrentSensor,0,1,1,1,0,0,,0,1,1,1,0,0,,,,,,,,,,,,,,,,,,,,,,,,,,,,,,,,,,,,,,,,,
190,CURV_f,0,0,1,0,0,0,Curve,0,0,1,0,0,0,Curve,xmin,double,xmax,double,ymin,double,ymax,double,,,,,,,,,,,,,,,,,,,,,,,,,,,,,,,,
106,CVS,1,1,0,1,0,0,,1,1,0,1,0,0,,,,,,,,,,,,,,,,,,,,,,,,,,,,,,,,,,,,,,,,,
15,DEADBAND,1,0,1,0,0,0,,1,0,1,0,0,0,,End of dead band,double,Start of dead band,double,"zero crossing (0:no, 1:yes)",boolean,,,,,,,,,,,,,,,,,,,,,,,,,,,,,,,,,,
221,DEBUG,0,0,0,0,0,0,"Debug : xcos_debug_gui(flag, block);",0,0,0,0,0,0,n,"Enter scilab instructions for debugging. Inputs are block and flag, output is block",string,,,,,,,,,,,,,,,,,,,,,,,,,,,,,,,,,,,,,,
21,DELAY_f,1,0,1,0,0,0,Delay,1,0,1,0,0,0,Delay,Discretization time step,double,Register initial state,vector of integers,,,,,,,,,,,,,,,,,,,,,,,,,,,,,,,,,,,,
22,DELAYV_f,2,0,1,0,1,2,Variable delay,2,0,1,0,1,2,Variable delay,Number of inputs,integer,Register initial condition,vector of integers,Max delay,integer,,,,,,,,,,,,,,,,,,,,,,,,,,,,,,,,,,
142,DEMUX,1,0,2,0,0,0,,1,0,n,0,0,0,,number of output ports or vector of sizes,integer,,,,,,,,,,,,,,,,,,,,,,,,,,,,,,,,,,,,,,
143,DEMUX_f,1,0,2,0,0,0,,1,0,n,0,0,0,,number of output ports or vector of sizes,integer,,,,,,,,,,,,,,,,,,,,,,,,,,,,,,,,,,,,,,
6,DERIV,1,0,1,0,0,0,du/dt,1,0,1,0,0,0,du/dt,,,,,,,,,,,,,,,,,,,,,,,,,,,,,,,,,,,,,,,,
128,DFLIPFLOP,3,0,2,0,0,0,,3,0,2,0,0,0,,,,,,,,,,,,,,,,,,,,,,,,,,,,,,,,,,,,,,,,,
164,DIFF_f,1,0,1,0,0,0,S,1,0,1,0,0,0,S,Initial state,double,Initial Derivative,double,,,,,,,,,,,,,,,,,,,,,,,,,,,,,,,,,,,,
107,Diode,0,1,0,1,0,0,,1,1,1,1,0,0,,Saturation current (A),double,Voltage equivalent to temperature (Volt),double,Max exponent for linear continuation,double,R (ohm),double,,,,,,,,,,,,,,,,,,,,,,,,,,,,,,,,
129,DLATCH,2,0,2,0,0,0,,2,0,2,0,0,0,,,,,,,,,,,,,,,,,,,,,,,,,,,,,,,,,,,,,,,,,
23,DLR,1,0,1,0,1,0,1/(1+z),1,0,1,0,1,0,num/den,Numerator (z),double,Denominator (z),double,,,,,,,,,,,,,,,,,,,,,,,,,,,,,,,,,,,,
24,DLRADAPT_f,2,0,1,0,1,0,"N (z,p)/D (z,p)",2,0,1,0,1,0,"N (z,p)/D (z,p)",Vector of p mesh points,vector of integers,Numerator roots (one line for each mesh),vector of integers,Denominator roots (one line for each mesh),vector of integers,Vector of gain at mesh points,vector of integers,past inputs (Num degree values),vector of integers,past outputs (Den degree values),vector of integers,,,,,,,,,,,,,,,,,,,,,,,,,,,,
25,DLSS,1,0,1,0,1,0,"x = Ax+Bu, y = Cx+Du",1,0,1,0,1,0,"x = Ax+Bu, y = Cx+Du",A matrix,integer,B matrix,integer,C matrix,integer,D matrix,integer,Initial state,integer,,,,,,,,,,,,,,,,,,,,,,,,,,,,,,
26,DOLLAR,1,0,1,0,1,0,1/z,1,0,1,0,0,0,1/z,initial condition,integer,"Inherit (no:0, yes:1)",boolean,,,,,,,,,,,,,,,,,,,,,,,,,,,,,,,,,,,,
27,DOLLAR_f,1,0,1,0,1,0,1/z,1,0,1,0,0,0,1/z,initial condition,integer,"Inherit (no:0, yes:1)",boolean,,,,,,,,,,,,,,,,,,,,,,,,,,,,,,,,,,,,
28,DOLLAR_m,1,0,1,0,1,0,1/z,1,0,1,0,0,0,1/z,initial condition,integer,"Inherit (no:0, yes:1)",boolean,,,,,,,,,,,,,,,,,,,,,,,,,,,,,,,,,,,,
39,EDGE_TRIGGER,1,0,0,0,0,1,Edge tigger,1,0,0,0,0,1,Edge tigger,"rising(1), falling(-1), both(0)",integer,,,,,,,,,,,,,,,,,,,,,,,,,,,,,,,,,,,,,,
40,END_c,0,0,0,0,1,1,END,0,0,0,0,1,1,END,Final simulation time,double,,,,,,,,,,,,,,,,,,,,,,,,,,,,,,,,,,,,,,
41,ENDBLK,0,0,0,0,0,0,END,0,0,0,0,0,0,END,Final simulation time,double,,,,,,,,,,,,,,,,,,,,,,,,,,,,,,,,,,,,,,
42,ESELECT_f,1,0,0,0,1,2,Event select,1,0,0,0,0/1,n,Event select,number of output event ports,integer,"Inherit (1:no, 0:yes)",boolean,"zero-crossing (0:no, 1:yes)",boolean,,,,,,,,,,,,,,,,,,,,,,,,,,,,,,,,,,
43,EVTDLY_c,0,0,0,0,1,1,Delay: 0.1,0,0,0,0,1,1,Delay: n,Delay,double,Date of initial output event,integer,,,,,,,,,,,,,,,,,,,,,,,,,,,,,,,,,,,,
44,EVTGEN_f,0,0,0,0,0,1,Event at time 0,0,0,0,0,0,1,Event at time n,Event Time,integer,,,,,,,,,,,,,,,,,,,,,,,,,,,,,,,,,,,,,,
45,EVTVARDLY,1,0,0,0,1,1,Event delay,1,0,0,0,1,1,Event delay,Initial event firing time (<0 if absent),integer,,,,,,,,,,,,,,,,,,,,,,,,,,,,,,,,,,,,,,
57,EXPBLK_m,1,0,1,0,0,0,a^u,1,0,1,0,0,0,a^u,a (>0),double,,,,,,,,,,,,,,,,,,,,,,,,,,,,,,,,,,,,,,
222,EXPRESSION,2,0,1,0,0,0,Expression : (u1>0)*sin(u2)^2,,0,,0,,,,number of inputs,integer,scilab expression,string,"use zero-crossing (0:no, 1 yes)",boolean,,,,,,,,,,,,,,,,,,,,,,,,,,,,,,,,,,
77,EXTRACT,1,0,1,0,0,0,EXTRACT,1,0,1,0,0,0,EXTRACT,Datatype (1=real double 2=Complex),integer,Lines to extract,integer,Columns to extract,integer,,,,,,,,,,,,,,,,,,,,,,,,,,,,,,,,,,
46,Extract_Activation,1,0,0,0,0,1,Extract Activation,1,0,0,0,0,1,,,,,,,,,,,,,,,,,,,,,,,,,,,,,,,,,,,,,,,,,
130,EXTRACTBITS,1,0,1,0,0,0,Extract Bits 1,1,0,1,0,0,0,Extract Bits n,"Data Type (3:int32, 4:int16, 5:int8, ...)",integer,Bits to extract,integer,Number of Bits or Index of Bit,integer,"Treat Bit Field as an Integer (0:No, 1:Yes)",boolean,,,,,,,,,,,,,,,,,,,,,,,,,,,,,,,,
144,EXTRACTOR,1,0,1,0,0,0,Extractor,1,0,1,0,0,0,Extractor,indices to extract,double,,,,,,,,,,,,,,,,,,,,,,,,,,,,,,,,,,,,,,
78,EXTTRI,1,0,1,0,0,0,Tri/Diag Extraction,1,0,1,0,0,0,Tri/Diag Extraction,Datatype (1=real double 2=Complex),integer,extraction type (1=lower 2=upper 3=diagonal),integer,,,,,,,,,,,,,,,,,,,,,,,,,,,,,,,,,,,,
210,Flowmeter,0,1,1,1,0,0,,0,1,1,1,0,0,,,,,,,,,,,,,,,,,,,,,,,,,,,,,,,,,,,,,,,,,
223,fortran_block,1,0,1,0,0,0,Fortran block: forty,1,0,1,0,0,0,Fortran block: forty,input ports sizes,double,output port sizes,double,System parameters vector,vector of doubles,function name,string,,,,,,,,,,,,,,,,,,,,,,,,,,,,,,,,
47,freq_div,0,0,0,0,1,1,Frequency division,0,0,0,0,1,1,Frequency division,Phase (0 to division factor -1),integer,Division factor,integer,,,,,,,,,,,,,,,,,,,,,,,,,,,,,,,,,,,,
145,FROM,0,0,1,0,0,0,A,0,0,1,0,0,0,,Tag,string,,,,,,,,,,,,,,,,,,,,,,,,,,,,,,,,,,,,,,
146,FROMMO,0,0,0,1,0,0,A,0,0,0,1,0,0,,Tag,string,,,,,,,,,,,,,,,,,,,,,,,,,,,,,,,,,,,,,,
191,FROMWSB,0,0,1,0,0,0,From workspace,0,0,1,0,0,0,From workspace,Variable name,string,Interpolation Method,integer,"Enable zero crossing (0:No, 1:Yes)?",boolean,"Output at end (0:Zero, 1:Hold, 2:Repeat)",integer,,,,,,,,,,,,,,,,,,,,,,,,,,,,,,,,
58,GAIN_f,1,0,1,0,0,0,1,1,0,1,0,0,0,n,Gain,integer,,,,,,,,,,,,,,,,,,,,,,,,,,,,,,,,,,,,,,
59,GAINBLK,1,0,1,0,0,0,1,1,0,1,0,0,0,n,Gain,integer,Do On Overflow (0=Nothing 1=Saturate 2=Error),integer,,,,,,,,,,,,,,,,,,,,,,,,,,,,,,,,,,,,
60,GAINBLK_f,1,0,1,0,0,0,1,1,0,1,0,0,0,n,Gain,integer,,,,,,,,,,,,,,,,,,,,,,,,,,,,,,,,,,,,,,
136,GENERAL_f,1,0,0,0,0,1,GENERAL,1,0,0,0,0,n,GENERAL,Input size,integer,Number of event output,integer,,,,,,,,,,,,,,,,,,,,,,,,,,,,,,,,,,,,
224,generic_block3,1,0,1,0,0,0,native block : sinblk,1,0,1,0,0,0,native block : sinblk,Simulation function,string,"Function type (0,1,2,..)",double,Input ports sizes,vector of doubles,Input ports type,double,Output port sizes,vector of doubles,Output ports type,double,Input event ports sizes,vector of doubles,Output events ports sizes,vector of doubles,Initial continuous state,vector of doubles,Initial discrete state,vector of doubles,Initial object state,vector of doubles,Real parameters vector,vector of doubles,Integer parameters vector,vector of doubles,Object parameters list,vector of doubles,Number of modes,double,Number of zero crossings,double,Initial firing vector (<0 for no firing),vector of doubles,Direct feedthrough (y or n),yesno,Time dependence (y or n),yesno,,
192,GENSIN_f,0,0,1,0,0,0,,0,0,1,0,0,0,,Magnitude,double,Frequency (rad/s),double,Phase (rad),double,,,,,,,,,,,,,,,,,,,,,,,,,,,,,,,,,,
193,GENSQR_f,0,0,1,0,1,0,,0,0,1,0,1,0,,Amplitude,double,,,,,,,,,,,,,,,,,,,,,,,,,,,,,,,,,,,,,,
147,GOTO,1,0,0,0,0,0,A,1,0,0,0,0,0,,Tag,string,Tag Visibility (1=Local 2=scoped 3=global),integer,,,,,,,,,,,,,,,,,,,,,,,,,,,,,,,,,,,,
148,GOTOMO,0,1,0,0,0,0,A,0,1,0,0,0,0,,Tag,string,Tag Visibility (1=Local 2=scoped 3=global),integer,,,,,,,,,,,,,,,,,,,,,,,,,,,,,,,,,,,,
149,GotoTagVisibility,0,0,0,0,0,0,A,0,0,0,0,0,0,,GotoTag,string,,,,,,,,,,,,,,,,,,,,,,,,,,,,,,,,,,,,,,
150,GotoTagVisibilityMO,0,0,0,0,0,0,A,0,0,0,0,0,0,,GotoTag,string,,,,,,,,,,,,,,,,,,,,,,,,,,,,,,,,,,,,,,
108,Ground,0,1,0,0,0,0,,0,1,0,0,0,0,,,,,,,,,,,,,,,,,,,,,,,,,,,,,,,,,,,,,,,,,
109,Gyrator,0,2,0,2,0,0,,2,2,2,2,0,0,,G1,integer,G2,integer,,,,,,,,,,,,,,,,,,,,,,,,,,,,,,,,,,,,
48,HALT_f,0,0,0,0,1,0,HALT,0,0,0,0,1,0,HALT,State on halt,integer,,,,,,,,,,,,,,,,,,,,,,,,,,,,,,,,,,,,,,
16,HYSTHERESIS,1,0,1,0,0,0,,1,0,1,0,0,0,,switch on at,integer,switch off at,integer,output when on,integer,output when off,integer,use zero crossing,boolean,,,,,,,,,,,,,,,,,,,,,,,,,,,,,,
110,IdealTransformer,0,2,0,2,0,0,,2,2,2,2,0,0,,N,integer,,,,,,,,,,,,,,,,,,,,,,,,,,,,,,,,,,,,,,
49,IFTHEL_f,1,0,0,0,1,2,if n>0 then else,1,0,0,0,0/1,2,,"Inherit (1:yes, 0:no)",boolean,"use zero crossing (0:no, 1:yes)",boolean,,,,,,,,,,,,,,,,,,,,,,,,,,,,,,,,,,,,
194,IN_f,0,0,1,0,0,0,1,0,0,1,0,0,0,n,Port number,double,"Output size ([-1,-2] for inherit)",vector of doubles,Output type (-1 for inherit),double,,,,,,,,,,,,,,,,,,,,,,,,,,,,,,,,,,
111,Inductor,0,1,0,1,0,0,,0,1,0,1,0,0,,L(H),double,,,,,,,,,,,,,,,,,,,,,,,,,,,,,,,,,,,,,,
195,INIMPL_f,0,0,0,1,0,0,1,0,0,0,1,0,0,n,Port Number,double,,,,,,,,,,,,,,,,,,,,,,,,,,,,,,,,,,,,,,
7,INTEGRAL_f,1,0,1,0,0,0,1/s,1,0,1,0,0,0,1/s,Initial state,double,,,,,,,,,,,,,,,,,,,,,,,,,,,,,,,,,,,,,,
8,INTEGRAL_m,1,0,1,0,0,0,,1/2,0,1,0,0/1,0,,Initial condition,double,with re-initialization,boolean,with saturation,boolean,Upper limit,double,Lower limit,double,,,,,,,,,,,,,,,,,,,,,,,,,,,,,,
131,INTMUL,2,0,1,0,0,0,INTMUL,2,0,1,0,0,0,INTMUL,"Data Type (3:int32, 4:int16, 5:int8,..)",integer,"Do on Overflow (0:Nothing, 1:Saturate, 2:Error)",integer,,,,,,,,,,,,,,,,,,,,,,,,,,,,,,,,,,,,
31,INTRP2BLK_f,2,0,1,0,0,0,Interp 2,2,0,1,0,0,0,Interp 2,X coord,vector of integers,Y coord,vector of integers,Z values,vector of integers,,,,,,,,,,,,,,,,,,,,,,,,,,,,,,,,,,
32,INTRPLBLK_f,1,0,1,0,0,0,Interp,1,0,1,0,0,0,Interp,X coord,vector of integers,Y coord,vector of integers,,,,,,,,,,,,,,,,,,,,,,,,,,,,,,,,,,,,
61,INVBLK,1,0,1,0,0,0,1/u,1,0,1,0,0,0,,,,,,,,,,,,,,,,,,,,,,,,,,,,,,,,,,,,,,,,,
151,ISELECT_m,1,0,2,0,2,0,Selector,1,0,2/n,0,2/n,0,Selector,Datatype (1=real double 2=Complex 3=int32...),double,number of outputs,double,initial connected output,integer,,,,,,,,,,,,,,,,,,,,,,,,,,,,,,,,,,
132,JKFLIPFLOP,3,0,2,0,0,0,,3,0,2,0,0,0,,Initial Value,string,,,,,,,,,,,,,,,,,,,,,,,,,,,,,,,,,,,,,,
62,LOGBLK_f,1,0,1,0,0,0,LOG,1,0,1,0,0,0,LOG,Basis(>1),double,,,,,,,,,,,,,,,,,,,,,,,,,,,,,,,,,,,,,,
133,LOGIC,2,0,1,0,1,0,LOGIC,2,0,1,0,0/1,0,LOGIC,Truth Table (matrix of outputs),matrix of booleans,"Accepts Inherited Events (0:No, 1:Yes)",boolean,,,,,,,,,,,,,,,,,,,,,,,,,,,,,,,,,,,,
1,LOGICAL_OP,2,0,1,0,0,0,AND,n,0,1,0,0,0,AND / OR / NAND / NOR / XOR / NOT,number of inputs,integer,"Operator : AND(0), OR(1), NAND(2), NOR(3), XOR(4), NOT(5)",integer,Datatype (1=double 3=int32..),double,Bitwise Rule (0=No 1=yes),boolean,,,,,,,,,,,,,,,,,,,,,,,,,,,,,,,,
33,LOOKUP_f,1,0,1,0,0,0,,1,0,1,0,0,0,,xmin,integer,xmax,integer,ymin,integer,ymax,integer,,,,,,,,,,,,,,,,,,,,,,,,,,,,,,,,
50,M_freq,0,0,0,0,1,3,Multiple frequency,0,0,0,0,1,3,Multiple frequency,Sample time,vector of integers,Offset,vector of integers,,,,,,,,,,,,,,,,,,,,,,,,,,,,,,,,,,,,
152,M_SWITCH,3,0,1,0,0,0,,n+1,0,1,0,0,0,,number of inputs,integer,"zero base indexing (0), otherwise 1",boolean,"rounding rule : int(0),round (1), ceil (2), floor (3)  ",integer,,,,,,,,,,,,,,,,,,,,,,,,,,,,,,,,,,
79,MATBKSL,2,0,1,0,0,0,A\B,2,0,1,0,0,0,A\B,"Datatype (1=real double, 2=Complex)",integer,,,,,,,,,,,,,,,,,,,,,,,,,,,,,,,,,,,,,,
80,MATCATH,2,0,1,0,0,0,Horiz cat,n,0,1,0,0,0,Horiz Cat,number of inputs,integer,,,,,,,,,,,,,,,,,,,,,,,,,,,,,,,,,,,,,,
81,MATCATV,2,0,1,0,0,0,Vert Cat,n,0,1,0,0,0,Horiz Cat,number of inputs,integer,,,,,,,,,,,,,,,,,,,,,,,,,,,,,,,,,,,,,,
82,MATDET,1,0,1,0,0,0,DET,1,0,1,0,0,0,DET,"Datatype (1=real double, 2=Complex)",integer,,,,,,,,,,,,,,,,,,,,,,,,,,,,,,,,,,,,,,
83,MATDIAG,1,0,1,0,0,0,DIAG,1,0,1,0,0,0,DIAG,"Datatype (1=real double, 2=Complex)",integer,,,,,,,,,,,,,,,,,,,,,,,,,,,,,,,,,,,,,,
84,MATDIV,2,0,1,0,0,0,A/B,2,0,1,0,0,0,A/B,"Datatype (1=real double, 2=Complex)",integer,,,,,,,,,,,,,,,,,,,,,,,,,,,,,,,,,,,,,,
85,MATEIG,1,0,1,0,0,0,EIG,1,0,1/2,0,0,0,EIG,"Datatype (1=real double, 2=Complex)",integer,"decomposition type( 1=eig values, 2=eig values+eig vectors)",integer,,,,,,,,,,,,,,,,,,,,,,,,,,,,,,,,,,,,
86,MATEXPM,1,0,1,0,0,0,EXPM,1,0,1,0,0,0,EXPM,"Datatype (1=real double, 2=Complex)",integer,,,,,,,,,,,,,,,,,,,,,,,,,,,,,,,,,,,,,,
87,MATINV,1,0,1,0,0,0,INV,1,0,1,0,0,0,INV,"Datatype (1=real double, 2=Complex)",integer,,,,,,,,,,,,,,,,,,,,,,,,,,,,,,,,,,,,,,
88,MATLU,1,0,2,0,0,0,LU,1,0,2,0,0,0,LU,"Datatype (1=real double, 2=Complex)",integer,,,,,,,,,,,,,,,,,,,,,,,,,,,,,,,,,,,,,,
89,MATMAGPHI,1,0,2,0,0,0,Mag & Phi,1/2,0,1/2,0,0,0,Mag & Phi,decomposition type (1=Complex2MAG&PHI 2=MAG&PHI2Complex),integer,,,,,,,,,,,,,,,,,,,,,,,,,,,,,,,,,,,,,,
90,MATMUL,2,0,1,0,0,0,MATMUL,2,0,1,0,0,0,MATMUL,"Datatype (1=real double, 2=Complex, 3=int32)",integer,Multiplication rule,integer,"Do on overflow(0=Nothing, 1=Saturate, 2=Error)",integer,,,,,,,,,,,,,,,,,,,,,,,,,,,,,,,,,,
91,MATPINV,1,0,1,0,0,0,PINV,1,0,1,0,0,0,PINV,"Datatype (1=real double, 2=Complex)",integer,,,,,,,,,,,,,,,,,,,,,,,,,,,,,,,,,,,,,,
92,MATRESH,1,0,1,0,0,0,RESHAPE,1,0,1,0,0,0,RESHAPE,"Datatype (1=real double, 2=Complex)",integer,Input size,vector of integers,output size desired,vector of integers,,,,,,,,,,,,,,,,,,,,,,,,,,,,,,,,,,
93,MATSING,1,0,1,0,0,0,SVD,1,0,1/3,0,0,0,SVD,"Datatype (1=real double, 2=Complex)",integer,"decomposition type (1=singular values, 2=sing values+matrix U&V)",integer,,,,,,,,,,,,,,,,,,,,,,,,,,,,,,,,,,,,
94,MATSUM,1,0,1,0,0,0,MATSUM,1,0,1,0,0,0,MATSUM,"Datatype (1=real double, 2=Complex)",integer,"Sum along (0=all, 1=lines, 2=Columns)",integer,,,,,,,,,,,,,,,,,,,,,,,,,,,,,,,,,,,,
95,MATTRAN,1,0,1,0,0,0,MATTRAN,1,0,1,0,0,0,MATTRAN,"Datatype (1=real double, 2=Complex)",integer,"rule( 1=, 2='",integer,,,,,,,,,,,,,,,,,,,,,,,,,,,,,,,,,,,,
96,MATZCONJ,1,0,1,0,0,0,CONJ,1,0,1,0,0,0,CONJ,,,,,,,,,,,,,,,,,,,,,,,,,,,,,,,,,,,,,,,,
97,MATZREIM,1,0,2,0,0,0,Re & Im,1/2,0,1/2,0,0,0,Re & Im,decomposition type (1=Complex2Real&Imag 2=Real&Imag2Complex),integer,,,,,,,,,,,,,,,,,,,,,,,,,,,,,,,,,,,,,,
63,MAX_f,1,0,1,0,0,0,MAX,1,0,1,0,0,0,MAX,,,,,,,,,,,,,,,,,,,,,,,,,,,,,,,,,,,,,,,,
64,MAXMIN,1,0,1,0,0,0,MAX,1/2,0,1,0,0,0,MAX/MIN,Min(1) or Max(2),integer,Number of input vectors(1 or 2),integer,"zero crossing (1:yes, 0:no)",boolean,,,,,,,,,,,,,,,,,,,,,,,,,,,,,,,,,,
225,MBLOCK,0,1,1,1,0,0,Modelica generic,,1,,1,,,,,,,,,,,,,,,,,,,,,,,,,,,,,,,,,,,,,,,,,,,
51,MCLOCK_f,0,0,0,0,0,2,2freq clock f/n f,0,0,0,0,0,2,2freq clock f/n f,basic period (1/f),double,multiply by (n),integer,,,,,,,,,,,,,,,,,,,,,,,,,,,,,,,,,,,,
52,MFCLCK_f,0,0,0,0,1,2,M. freq clock,0,0,0,0,1,2,M. freq clock,basic period (1/f),double,multiply by (n),integer,,,,,,,,,,,,,,,,,,,,,,,,,,,,,,,,,,,,
65,MIN_f,1,0,1,0,0,0,MIN,1,0,1,0,0,0,MIN,,,,,,,,,,,,,,,,,,,,,,,,,,,,,,,,,,,,,,,,
196,Modulo_Count,0,0,1,0,1,0,Counter Modulo 3,0,0,1,0,1,0,Counter Modulo n,Initial State (zero or positive number),double,Upper Limit (positive number),double,,,,,,,,,,,,,,,,,,,,,,,,,,,,,,,,,,,,
153,MUX,2,0,1,0,0,0,,2-31,0,1,0,0,0,,number of input ports or vector of sizes,vector of integers,,,,,,,,,,,,,,,,,,,,,,,,,,,,,,,,,,,,,,
154,MUX_f,2,0,1,0,0,0,,2-8,0,1,0,0,0,,number of input ports or vector of sizes,vector of integers,,,,,,,,,,,,,,,,,,,,,,,,,,,,,,,,,,,,,,
137,NEGTOPOS_f,1,0,0,0,0,1,- to +,1,0,0,0,0,1,- to +,,,,,,,,,,,,,,,,,,,,,,,,,,,,,,,,,,,,,,,,
112,NMOS,0,1,0,3,0,0,,0,1,0,3,0,0,,Width [m],double,Length [m],double,Transconductance parameter [A/(V*V)],double,Zero bias threshold voltage [V],double,Bulk threshold parameter,double,Reduction of pinch-off region,double,Narrowing of channel [m],double,Shortening of channel [m],double,Drain-Source-Resistance [Ohm],double,,,,,,,,,,,,,,,,,,,,,,
113,NPN,0,1,0,2,0,0,,0,1,0,2,0,0,,Bf : Forward beta,double,Br : Reverse beta,double,ls : Transport saturation current,double,"Vak : Early voltage (inverse), 1/Volt",double,Tauf : Ideal forward transit time,double,Taur : Ideal reverse transit time,double,Ccs : Collector-substrat (ground) cap.,double,Cje : Base-emitter zero bias depletion cap.,double,Cjc : Base coll. zero bias depletion cap.,double,Phie : Base-emitter diffusion voltage,double,Me : Base emmiter gradation exponent,double,Phic : Base collector diffusion voltage,double,Mc : Base-collector gradation exponent,double,Gbc : Base collector conductance,double,Gbe : Base emitter conductance,double,Vt : Voltage equivalent of temperature,double,"EminMax : If x> EminMax, the exp(x) function is linearized",double,,,,,,
155,NRMSOM_f,2,0,1,0,0,0,,0/n,0,1,0,0,0,,number of inputs,integer,,,,,,,,,,,,,,,,,,,,,,,,,,,,,,,,,,,,,,
114,OpAmp,0,2,0,1,0,0,,0,2,0,1,0,0,,,,,,,,,,,,,,,,,,,,,,,,,,,,,,,,,,,,,,,,,
178,OUT_f,1,0,0,0,0,0,1,1,0,0,0,0,0,1/n,Port number,double,,,,,,,,,,,,,,,,,,,,,,,,,,,,,,,,,,,,,,
179,OUTIMPL_f,0,1,0,0,0,0,1,0,1,0,0,0,0,1/n,Port number,double,,,,,,,,,,,,,,,,,,,,,,,,,,,,,,,,,,,,,,
9,PDE,5,0,2,0,0,0,PDE,,0,,0,,,,,,,,,,,,,,,,,,,,,,,,,,,,,,,,,,,,,,,,,,,
211,PerteDP,0,1,0,1,0,0,,0,1,0,1,0,0,,Tube length: L (m),double,Internal tube diameter: D (m),double,Coefficient of pressure loss-friction (S.U): lambda,double,Pipe inlet altitude: z1 (m),double,Pipe outlet altitude: z2 (m),double,"If> 0, imposed density fu fluid: p_rho (kg / m3)",double,,,,,,,,,,,,,,,,,,,,,,,,,,,,
10,PID,1,0,1,0,0,0,PID,1,0,1,0,0,0,PID,Proportional,double,Integral,double,Derivation,double,,,,,,,,,,,,,,,,,,,,,,,,,,,,,,,,,,
115,PMOS,0,1,0,3,0,0,,0,1,0,3,0,0,,Width[m],double,Length [m],double,Transconductance parameter [ A/(V*V) ],double,Zero bias threshold voltage [V],double,Bulk threshold parameter,double,Reduction of pinch-off region,double,Narrowing of channel,double,Shortening of channel,double,Drain source resistance(ohm),double,,,,,,,,,,,,,,,,,,,,,,
116,PNP,0,1,0,2,0,0,,0,1,0,2,0,0,,Bf : Forward beta,double,Br ; Reverse beta,double,Is : Transport saturation current,double,Vak : Early Voltage(inverse),double,Tauf : Ideal forward transit time,double,Taur : Ideal reverse transit time,double,Ccs : Collector substract cap,double,Cje : Base emitter zero bias depletion cap,double,Cjc : Base-coll zero bias depletion cap,double,Phie : Base-emitter diffusion voltage,double,Me : Base emmiter gradation exponent,double,Phic : Base collector diffusion voltage,double,Mc : Base-collector gradation exponent,double,Gbc : Base collector conductance,double,Gbe : Base emitter conductance,double,Vt : Voltage equivalent of temperature,double,"EminMax : If x> EminMax, the exp(x) function is linearized",double,,,,,,
138,POSTONEG_f,1,0,0,0,0,1,+ to -,1,0,0,0,0,1,+ to -,,,,,,,,,,,,,,,,,,,,,,,,,,,,,,,,,,,,,,,,
117,PotentialSensor,0,1,1,0,0,0,,0,1,1,0,0,0,,,,,,,,,,,,,,,,,,,,,,,,,,,,,,,,,,,,,,,,,
66,POWBLK_f,1,0,1,0,0,0,u ^ a,1,0,1,0,0,0,u ^ a,to the power of,double,,,,,,,,,,,,,,,,,,,,,,,,,,,,,,,,,,,,,,
67,PROD_f,2,0,1,0,0,0,,2,0,1,0,0,0,,,,,,,,,,,,,,,,,,,,,,,,,,,,,,,,,,,,,,,,,
68,PRODUCT,2,0,1,0,0,0,,2,0,1,0,0,0,,Number of inputs or sign vector,vector of integers,,,,,,,,,,,,,,,,,,,,,,,,,,,,,,,,,,,,,,
212,PuitsP,0,1,0,0,0,0,,0,1,0,0,0,0,,Source pressure: P0 (Pa),double,Source temperature: T0 (K),double,Source specific enthalpy: H0 (J/kg),double,"1: Fixed temperature, 2: Fixed enthalpy : option temperature",double,,,,,,,,,,,,,,,,,,,,,,,,,,,,,,,,
197,PULSE_SC,0,0,1,0,0,0,,0,0,1,0,0,0,,Phase delay (secs) :,double,Pulse Width (% of period) :,double,Period (secs) :,double,Amplitude,double,,,,,,,,,,,,,,,,,,,,,,,,,,,,,,,,
17,QUANT_f,1,0,1,0,0,0,,1,0,1,0,0,0,,Step,double,Quantization Type (1-4),integer,,,,,,,,,,,,,,,,,,,,,,,,,,,,,,,,,,,,
198,RAMP,0,0,1,0,0,0,,0,0,1,0,0,0,,Slope,double,Start Time,double,Initial Value,double,,,,,,,,,,,,,,,,,,,,,,,,,,,,,,,,,,
199,RAND_m,0,0,1,0,1,0,Random generator,0,0,1,0,1,0,Random generator,Datatype (1=real double 2=complex),integer,flag,boolean,A,double,B,double,SEED,vector of doubles,,,,,,,,,,,,,,,,,,,,,,,,,,,,,,
18,RATELIMITER,1,0,1,0,0,0,Rate limiter,1,0,1,0,0,0,Rate limiter,max slope,integer,min slope,integer,,,,,,,,,,,,,,,,,,,,,,,,,,,,,,,,,,,,
200,READAU_f,0,0,1,0,1,0,Read from .au sound file,0,0,1,0,1,0,Read from .au sound file,Input File Name,filename,Buffer size,double,"Swap Mode (0:No, 1:Yes)",boolean,,,,,,,,,,,,,,,,,,,,,,,,,,,,,,,,,,
201,READC_f,0,0,1,0,1,0,Read from C binary file,0,0,1,0,1,0,Read from C binary file,Time Record Selection,string,Outputs Record Selection,integer,Input File Name,filename,Input Format,string,Record Size,double,Buffer Size,double,Initial Record Index,double,"Swap Mode (0:No, 1:Yes)",boolean,,,,,,,,,,,,,,,,,,,,,,,,
29,REGISTER,1,0,1,0,1,0,Shift register,1,0,1,0,1,0,Shift register,Register initial condition,vector of integers,"Datatype( 1=double, 3=int32)",integer,,,,,,,,,,,,,,,,,,,,,,,,,,,,,,,,,,,,
2,RELATIONALOP,2,0,1,0,0,0,<,2,0,1,0,0,0,,"Operator : == (0), `=(1), <(2), <=(3), >(4), >=(5)",integer,Use zero crossing,boolean,Datatype,double,,,,,,,,,,,,,,,,,,,,,,,,,,,,,,,,,,
156,RELAY_f,2,0,1,0,2,0,Relay,2-n,0,1,0,2-n,0,Relay,number of inputs,integer,initial connected input,double,,,,,,,,,,,,,,,,,,,,,,,,,,,,,,,,,,,,
118,Resistor,0,1,0,1,0,0,,1,1,1,1,0,0,,R (ohm),double,,,,,,,,,,,,,,,,,,,,,,,,,,,,,,,,,,,,,,
202,RFILE_f,0,0,1,0,1,0,Read from input file,0,0,1,0,1,0,Read from input file,Time Record Selection,string,Outputs Record Selection,double,Input File Name,string,Input Format,string,Buffer Size,double,,,,,,,,,,,,,,,,,,,,,,,,,,,,,,
98,RICC,3,0,1,0,0,0,RICC,3,0,1,0,0,0,RICC,"Type (1=Cont, 2=Disc)",integer,"Model ( 1=Schr, 2=sign(cont) inv(disc))",integer,,,,,,,,,,,,,,,,,,,,,,,,,,,,,,,,,,,,
99,ROOTCOEF,1,0,1,0,0,0,ROOT COEF,1,0,1,0,0,0,ROOT COEF,"Datatype (1=real double, 2=Complex)",integer,Input row size,integer,,,,,,,,,,,,,,,,,,,,,,,,,,,,,,,,,,,,
30,SAMPHOLD_m,1,0,1,0,1,0,S / H,1,0,1,0,1,0,S / H,Datatype (1=real double 2=Complex 3=int32...),integer,,,,,,,,,,,,,,,,,,,,,,,,,,,,,,,,,,,,,,
203,SampleCLK,0,0,0,0,0,1,,0,0,0,0,0,1,,Sample time,double,Offset,double,,,,,,,,,,,,,,,,,,,,,,,,,,,,,,,,,,,,
19,SATURATION,1,0,1,0,0,0,,1,0,1,0,0,0,,Upper limit,integer,Lower limit,integer,zero crossing,boolean,,,,,,,,,,,,,,,,,,,,,,,,,,,,,,,,,,
204,SAWTOOTH_f,0,0,1,0,1,0,,0,0,1,0,1,0,,,,,,,,,,,,,,,,,,,,,,,,,,,,,,,,,,,,,,,,,
157,SCALAR2VECTOR,1,0,1,0,0,0,SCALAR to VECTOR,1,0,1,0,0,0,SCALAR to VECTOR,size of output (-1: if don't know),double,,,,,,,,,,,,,,,,,,,,,,,,,,,,,,,,,,,,,,
226,scifunc_block_m,1,0,1,0,0,0,Function: y1=sin(u1),1,0,1,0,0,0,Function: y1=sin(u1),,,,,,,,,,,,,,,,,,,,,,,,,,,,,,,,,,,,,,,,
158,SELECT_m,2,0,1,0,2,0,Selector,n,0,1,0,n,0,Selector,Datatype (1=real double 2=Complex 3=int32..),double,number of inputs,integer,initial connected input,double,,,,,,,,,,,,,,,,,,,,,,,,,,,,,,,,,,
159,SELF_SWITCH,1,0,1,0,0,0,,1,0,1,0,0,0,,,,,,,,,,,,,,,,,,,,,,,,,,,,,,,,,,,,,,,,,
134,SHIFT,1,0,1,0,0,0,Arithmetic shift 0,1,0,1,0,0,0,Arithmetic shift n,"Data Type (3:int32, 4:int16, 5:int8,...)",integer,Number of Bits to Shift Left (Negative number to shift right),integer,"Shift Type (0: Arithmetic, 1: Circular)",boolean,,,,,,,,,,,,,,,,,,,,,,,,,,,,,,,,,,
205,Sigbuilder,0,0,1,0,0,1,Signal Builder,0,0,1,0,0,1,Signal Builder,Spline Method (0..7),double,x,vector of doubles,y,vector of doubles,Periodic signal (y/n)?,yesno,Launch graphic window (y/n)?,yesno,,,,,,,,,,,,,,,,,,,,,,,,,,,,,,
69,SIGNUM,1,0,1,0,0,0,SIGN,1,0,1,0,0,0,SIGN,"use zero crossing (1:yes, 0:no)",boolean,,,,,,,,,,,,,,,,,,,,,,,,,,,,,,,,,,,,,,
70,SINBLK_f,1,0,1,0,0,0,SIN,1,0,1,0,0,0,SIN,,,,,,,,,,,,,,,,,,,,,,,,,,,,,,,,,,,,,,,,
119,SineVoltage,0,1,0,1,0,0,1 V,1,1,1,1,0,0,n V,Amplitude (Volt),integer,phase (rad),integer,Frequency (Hz),integer,Voltageoffset(V),integer,Time offset (s),integer,,,,,,,,,,,,,,,,,,,,,,,,,,,,,,
71,SOM_f,3,0,1,0,0,0,,3,0,1,0,0,0,,,,,,,,,,,,,,,,,,,,,,,,,,,,,,,,,,,,,,,,,
213,SourceP,0,0,0,1,0,0,S,0,0,0,1,0,0,S,Source pressure: P0 (Pa),double,Source temperature: T0 (K),double,Source specific enthalpy: H0 (J/kg),double,"1: Fixed temperature, 2: Fixed enthalpy : option temperature",double,,,,,,,,,,,,,,,,,,,,,,,,,,,,,,,,
100,SQRT,1,0,1,0,0,0,SQRT,1,0,1,0,0,0,SQRT,"Datatype (1=real double, 2=Complex)",integer,,,,,,,,,,,,,,,,,,,,,,,,,,,,,,,,,,,,,,
135,SRFLIPFLOP,2,0,2,0,0,0,"S   Q, R   !Q",2,0,2,0,0,0,"S   Q, R   !Q",Initial Value,integer,,,,,,,,,,,,,,,,,,,,,,,,,,,,,,,,,,,,,,
206,STEP_FUNCTION,0,0,1,0,0,0,,0,0,1,0,0,0,,Step Time,double,Initial Value,double,Final Value,double,,,,,,,,,,,,,,,,,,,,,,,,,,,,,,,,,,
101,SUBMAT,1,0,1,0,0,0,SUBMAT,1,0,1,0,0,0,SUBMAT,"Datatype (1=real double, 2=Complex)",integer,Starting row index,integer,Ending row index,integer,Starting column index,integer,Ending column index,integer,Input Dimensions,vector of integers,,,,,,,,,,,,,,,,,,,,,,,,,,,,
72,SUM_f,3,0,1,0,0,0,,3,0,1,0,0,0,,,,,,,,,,,,,,,,,,,,,,,,,,,,,,,,,,,,,,,,,
73,SUMMATION,2,0,1,0,0,0,,2,0,1,0,0,0,,"Datatype ( 1= real double, 2=complex, 3=int32)",integer,"Number of inputs or sign vector( of +1, -1)",vector of integers,"Do on overflow (0=Nothing, 1=Saturate, 2=Error)",integer,,,,,,,,,,,,,,,,,,,,,,,,,,,,,,,,,,
227,SUPER_f,1,0,1,0,0,0,,1,0,1,0,0,0,,,,,,,,,,,,,,,,,,,,,,,,,,,,,,,,,,,,,,,,,
120,Switch,1,1,0,1,0,0,,2,1,1,1,0,0,,Resistance in On state (Ohm),double,Resistance in Off state (Ohm),integer,,,,,,,,,,,,,,,,,,,,,,,,,,,,,,,,,,,,
160,SWITCH_f,2,0,1,0,0,0,,n,0,1,0,0,0,,number of inputs,integer,connected input,double,,,,,,,,,,,,,,,,,,,,,,,,,,,,,,,,,,,,
161,SWITCH2_m,3,0,1,0,0,0,,3,0,1,0,0,0,,Datatype (1=real double 2=complex 3=int32..),double,"pass first input if: u2>=a(0), u2>a(1), u2~=a(2)",integer,threshold a,double,"use zero crossing: yes(1),no(0)",boolean,,,,,,,,,,,,,,,,,,,,,,,,,,,,,,,,
74,TANBLK_f,1,0,1,0,0,0,TAN,1,0,1,0,0,0,TAN,,,,,,,,,,,,,,,,,,,,,,,,,,,,,,,,,,,,,,,,
11,TCLSS,2,0,1,0,1,0,"Jump (A,B,C,D)",2,0,1,0,1,0,"Jump (A,B,C,D)",A matrix,double,B matrix,double,C matrix,double,D matrix,double,Initial state,double,,,,,,,,,,,,,,,,,,,,,,,,,,,,,,
165,TEXT_f,0,0,0,0,0,0,...,0,0,0,0,0,0,,,,,,,,,,,,,,,,,,,,,,,,,,,,,,,,,,,,,,,,,
12,TIME_DELAY,1,0,1,0,0,0,Continuous fix delay,1,0,1,0,0,0,Continuous fix delay,Delay,double,Initial input,double,Buffer size,double,,,,,,,,,,,,,,,,,,,,,,,,,,,,,,,,,,
207,TIME_f,0,0,1,0,0,0,,0,0,1,0,0,0,,,,,,,,,,,,,,,,,,,,,,,,,,,,,,,,,,,,,,,,,
208,TKSCALE,0,0,1,0,1,0,TK Scale,0,0,1,0,1,0,TK Scale,Min value,double,Max value,double,Normalization,double,,,,,,,,,,,,,,,,,,,,,,,,,,,,,,,,,,
180,TOWS_c,1,0,0,0,1,0,To workspace A [128],1,0,0,0,0/1,0,To workspace A [n],Size of buffer,double,Scilab variable name,string,"Inherit (no:0, yes:1)",boolean,,,,,,,,,,,,,,,,,,,,,,,,,,,,,,,,,,
181,TRASH_f,1,0,0,0,1,0,Trash,1,0,0,0,1,0,Trash,,,,,,,,,,,,,,,,,,,,,,,,,,,,,,,,,,,,,,,,
75,TrigFun,1,0,1,0,0,0,Trig function,1,0,1,0,0,0,Trig function,Function,string,,,,,,,,,,,,,,,,,,,,,,,,,,,,,,,,,,,,,,
214,VanneReglante,1,1,0,1,0,0,,1,1,0,1,0,0,,Cvmax,double,p_rho,double,,,,,,,,,,,,,,,,,,,,,,,,,,,,,,,,,,,,
13,VARIABLE_DELAY,2,0,1,0,0,0,Variable Delay,2,0,1,0,0,0,Variable Delay,Max delay,double,Initial input,double,Buffer size,double,,,,,,,,,,,,,,,,,,,,,,,,,,,,,,,,,,
121,VariableResistor,1,1,0,1,0,0,,1,1,0,1,0,0,,,,,,,,,,,,,,,,,,,,,,,,,,,,,,,,,,,,,,,,,
53,VirtualCLK0,0,0,0,0,1,0,,0,0,0,0,1,0,,,,,,,,,,,,,,,,,,,,,,,,,,,,,,,,,,,,,,,,,
122,VoltageSensor,0,1,1,1,0,0,,0,1,1,1,0,0,,,,,,,,,,,,,,,,,,,,,,,,,,,,,,,,,,,,,,,,,
123,VsourceAC,0,1,0,1,0,0,220 V ~50,0,1,0,1,0,0,n V ~ n,Amplitude (Volt),integer,Frequency (Hz),integer,,,,,,,,,,,,,,,,,,,,,,,,,,,,,,,,,,,,
124,VVsourceAC,1,1,0,1,0,0,1 V ~ 20,1,1,0,1,0,0,1 V ~ n,Frequency (Hz),integer,,,,,,,,,,,,,,,,,,,,,,,,,,,,,,,,,,,,,,
182,WRITEAU_f,1,0,0,0,1,0,Write AU to /dev/audio,1,0,0,0,1,0,Write AU to /dev/audio,Buffer Size,double,"Swap Mode (0:No,1:Yes)",boolean,,,,,,,,,,,,,,,,,,,,,,,,,,,,,,,,,,,,
183,WRITEC_f,1,0,0,0,1,0,Write to C binary file,1,0,0,0,1,0,Write to C binary file,Input Size,double,Output File Name,filename,Output Format,string,Buffer Size,double,"Swap Mode (0:No,1:Yes)",boolean,,,,,,,,,,,,,,,,,,,,,,,,,,,,,,
139,ZCROSS_f,1,0,0,0,0,1,Zcross,1,0,0,0,0,1,Zcross,Input size,double,,,,,,,,,,,,,,,,,,,,,,,,,,,,,,,,,,,,,,
