1	4xxx	4xxx	14529
2	4xxx	4xxx	4001
3	4xxx	4xxx	4002
4	4xxx	4xxx	4009
5	4xxx	4xxx	4010
6	4xxx	4xxx	40106
7	4xxx	4xxx	4011
8	4xxx	4xxx	4012
9	4xxx	4xxx	4013
10	4xxx	4xxx	4016
11	4xxx	4xxx	4017
12	4xxx	4xxx	4020
13	4xxx	4xxx	4021
14	4xxx	4xxx	4022
15	4xxx	4xxx	4023
16	4xxx	4xxx	4025
17	4xxx	4xxx	4027
18	4xxx	4xxx	4028
19	4xxx	4xxx	4029
20	4xxx	4xxx	4040
21	4xxx	4xxx	4046
22	4xxx	4xxx	4047
23	4xxx	4xxx	4049
24	4xxx	4xxx	4050
25	4xxx	4xxx	4051
26	4xxx	4xxx	4052
27	4xxx	4xxx	4053
28	4xxx	4xxx	4056
29	4xxx	4xxx	4069
30	4xxx	4xxx	4070
31	4xxx	4xxx	4071
32	4xxx	4xxx	4072
33	4xxx	4xxx	4073
34	4xxx	4xxx	4075
35	4xxx	4xxx	4077
36	4xxx	4xxx	4081
37	4xxx	4xxx	4098
38	4xxx	4xxx	4504
39	4xxx	4xxx	4510
40	4xxx	4xxx	4518
41	4xxx	4xxx	4520
42	4xxx	4xxx	4538
43	4xxx	4xxx	4543
44	4xxx	4xxx	HEF4093B
45	Analog	Analog	AD5593R
46	Analog	Analog	AD630ARZ
47	Analog	Analog	AD654JN
48	Analog	Analog	AD654JR
49	Analog	Analog	LF398H
50	Analog	Analog	LF398_DIP8
51	Analog	Analog	LF398_SOIC14
52	Analog	Analog	MLX90314xDF
53	Analog	Analog	MLX90320xFR
54	Analog	Analog	MPY634KP
55	Analog	Analog	MPY634KU
56	Analog	Analog	PGA112
57	Device	Device	Amperemeter_AC
58	Device	Device	Amperemeter_DC
59	Device	Device	Antenna
60	Device	Device	Antenna_Chip
61	Device	Device	Antenna_Dipole
62	Device	Device	Antenna_Loop
63	Device	Device	Antenna_Shield
64	Device	Device	Battery
65	Device	Device	Battery_Cell
66	Device	Device	Buzzer
67	Device	Device	C
68	Device	Device	CP
69	Device	Device	CP1
70	Device	Device	CP1_Small
71	Device	Device	CP_Small
72	Device	Device	CTRIM
73	Device	Device	CTRIM_DIF
74	Device	Device	CTRIM_Small
75	Device	Device	C_Feedthrough
76	Device	Device	C_Small
77	Device	Device	C_Variable
78	Device	Device	CircuitBreaker_1P
79	Device	Device	CircuitBreaker_1P_US
80	Device	Device	CircuitBreaker_2P
81	Device	Device	CircuitBreaker_2P_US
82	Device	Device	CircuitBreaker_3P
83	Device	Device	CircuitBreaker_3P_US
84	Device	Device	Crystal
85	Device	Device	Crystal_GND2
86	Device	Device	Crystal_GND23
87	Device	Device	Crystal_GND23_Small
88	Device	Device	Crystal_GND24
89	Device	Device	Crystal_GND24_Small
90	Device	Device	Crystal_GND2_Small
91	Device	Device	Crystal_GND3
92	Device	Device	Crystal_GND3_Small
93	Device	Device	Crystal_Small
94	Device	Device	D
95	Device	Device	DIAC
96	Device	Device	DIAC_ALT
97	Device	Device	D_AAK
98	Device	Device	D_ALT
99	Device	Device	D_Bridge_+-AA
100	Device	Device	D_Bridge_+A-A
101	Device	Device	D_Bridge_+AA-
102	Device	Device	D_Bridge_-A+A
103	Device	Device	D_Bridge_-AA+
104	Device	Device	D_Capacitance
105	Device	Device	D_Capacitance_ALT
106	Device	Device	D_KAA
107	Device	Device	D_KAK
108	Device	Device	D_KKA
109	Device	Device	D_Photo
110	Device	Device	D_Photo_ALT
111	Device	Device	D_Radiation
112	Device	Device	D_Radiation_ALT
113	Device	Device	D_Schottky
114	Device	Device	D_Schottky_AAK
115	Device	Device	D_Schottky_AKA
116	Device	Device	D_Schottky_AKK
117	Device	Device	D_Schottky_ALT
118	Device	Device	D_Schottky_KAA
119	Device	Device	D_Schottky_KAK
120	Device	Device	D_Schottky_KKA
121	Device	Device	D_Schottky_Small
122	Device	Device	D_Schottky_Small_ALT
123	Device	Device	D_Schottky_x2_ACom_AKK
124	Device	Device	D_Schottky_x2_ACom_KAK
125	Device	Device	D_Schottky_x2_ACom_KKA
126	Device	Device	D_Schottky_x2_KCom_AAK
127	Device	Device	D_Schottky_x2_KCom_AKA
128	Device	Device	D_Schottky_x2_KCom_KAA
129	Device	Device	D_Schottky_x2_Serial_ACK
130	Device	Device	D_Schottky_x2_Serial_AKC
131	Device	Device	D_Schottky_x2_Serial_CAK
132	Device	Device	D_Schottky_x2_Serial_CKA
133	Device	Device	D_Schottky_x2_Serial_KAC
134	Device	Device	D_Schottky_x2_Serial_KCA
135	Device	Device	D_Shockley
136	Device	Device	D_SiPM
137	Device	Device	D_Small
138	Device	Device	D_Small_ALT
139	Device	Device	D_TVS
140	Device	Device	D_TVS_ALT
141	Device	Device	D_TVS_x2_AAC
142	Device	Device	D_TVS_x2_ACA
143	Device	Device	D_TVS_x2_CAA
144	Device	Device	D_Temperature_Dependent
145	Device	Device	D_Temperature_Dependent_ALT
146	Device	Device	D_Tunnel
147	Device	Device	D_Tunnel_ALT
148	Device	Device	D_Unitunnel
149	Device	Device	D_Unitunnel_ALT
150	Device	Device	D_Zener
151	Device	Device	D_Zener_ALT
152	Device	Device	D_Zener_Small
153	Device	Device	D_Zener_Small_ALT
154	Device	Device	D_Zener_x2_ACom_AKK
155	Device	Device	D_Zener_x2_ACom_KAK
156	Device	Device	D_Zener_x2_ACom_KKA
157	Device	Device	D_Zener_x2_KCom_AAK
158	Device	Device	D_Zener_x2_KCom_AKA
159	Device	Device	D_Zener_x2_KCom_KAA
160	Device	Device	D_x2_ACom_AKK
161	Device	Device	D_x2_ACom_KAK
162	Device	Device	D_x2_ACom_KKA
163	Device	Device	D_x2_KCom_AAK
164	Device	Device	D_x2_KCom_AKA
165	Device	Device	D_x2_KCom_KAA
166	Device	Device	D_x2_Serial_ACK
167	Device	Device	D_x2_Serial_AKC
168	Device	Device	D_x2_Serial_CAK
169	Device	Device	D_x2_Serial_CKA
170	Device	Device	D_x2_Serial_KAC
171	Device	Device	D_x2_Serial_KCA
172	Device	Device	Delay_Line
173	Device	Device	EMI_Filter_CLC
174	Device	Device	EMI_Filter_LCL
175	Device	Device	EMI_Filter_LL
176	Device	Device	EMI_Filter_LL_1423
177	Device	Device	Earphone
178	Device	Device	Electromagnetic_Actor
179	Device	Device	Ferrite_Bead
180	Device	Device	Ferrite_Bead_Small
181	Device	Device	Frequency_Counter
182	Device	Device	Fuse
183	Device	Device	Fuse_Polarized
184	Device	Device	Fuse_Polarized_Small
185	Device	Device	Fuse_Small
186	Device	Device	Galvanometer
187	Device	Device	Hall_Generator
188	Device	Device	Heater
189	Device	Device	Jumper
190	Device	Device	Jumper_NC_Dual
191	Device	Device	Jumper_NC_Small
192	Device	Device	Jumper_NO_Small
193	Device	Device	L
194	Device	Device	LED
195	Device	Device	LED_ABRG
196	Device	Device	LED_ALT
197	Device	Device	LED_ARBG
198	Device	Device	LED_ARGB
199	Device	Device	LED_BARG
200	Device	Device	LED_BGRA
201	Device	Device	LED_CRGB
202	Device	Device	LED_Dual_2pin
203	Device	Device	LED_Dual_AAC
204	Device	Device	LED_Dual_AACC
205	Device	Device	LED_Dual_ACA
206	Device	Device	LED_Dual_ACAC
207	Device	Device	LED_Dual_CAC
208	Device	Device	LED_Dual_CACA
209	Device	Device	LED_Dual_CCA
210	Device	Device	LED_PAD
211	Device	Device	LED_RABG
212	Device	Device	LED_RAGB
213	Device	Device	LED_RCBG
214	Device	Device	LED_RCGB
215	Device	Device	LED_RGB
216	Device	Device	LED_RGBA
217	Device	Device	LED_RGBC
218	Device	Device	LED_RGB_EP
219	Device	Device	LED_Series
220	Device	Device	LED_Series_PAD
221	Device	Device	LED_Small
222	Device	Device	LED_Small_ALT
223	Device	Device	LTRIM
224	Device	Device	L_Core_Ferrite
225	Device	Device	L_Core_Ferrite_Coupled
226	Device	Device	L_Core_Ferrite_Coupled_1243
227	Device	Device	L_Core_Ferrite_Coupled_1324
228	Device	Device	L_Core_Ferrite_Coupled_1342
229	Device	Device	L_Core_Ferrite_Coupled_1423
230	Device	Device	L_Core_Ferrite_Coupled_Small
231	Device	Device	L_Core_Ferrite_Coupled_Small_1243
232	Device	Device	L_Core_Ferrite_Coupled_Small_1324
233	Device	Device	L_Core_Ferrite_Coupled_Small_1342
234	Device	Device	L_Core_Ferrite_Coupled_Small_1423
235	Device	Device	L_Core_Ferrite_Small
236	Device	Device	L_Core_Iron
237	Device	Device	L_Core_Iron_Coupled
238	Device	Device	L_Core_Iron_Coupled_1243
239	Device	Device	L_Core_Iron_Coupled_1324
240	Device	Device	L_Core_Iron_Coupled_1342
241	Device	Device	L_Core_Iron_Coupled_1423
242	Device	Device	L_Core_Iron_Coupled_Small
243	Device	Device	L_Core_Iron_Coupled_Small_1243
244	Device	Device	L_Core_Iron_Coupled_Small_1324
245	Device	Device	L_Core_Iron_Coupled_Small_1342
246	Device	Device	L_Core_Iron_Coupled_Small_1423
247	Device	Device	L_Core_Iron_Small
248	Device	Device	L_Coupled
249	Device	Device	L_Coupled_1243
250	Device	Device	L_Coupled_1324
251	Device	Device	L_Coupled_1342
252	Device	Device	L_Coupled_1423
253	Device	Device	L_Coupled_Small
254	Device	Device	L_Coupled_Small_1243
255	Device	Device	L_Coupled_Small_1324
256	Device	Device	L_Coupled_Small_1342
257	Device	Device	L_Coupled_Small_1423
258	Device	Device	L_Small
259	Device	Device	Lamp
260	Device	Device	Lamp_Flash
261	Device	Device	Lamp_Neon
262	Device	Device	Laserdiode_1A3C
263	Device	Device	Laserdiode_1C2A
264	Device	Device	Laserdiode_M_TYPE
265	Device	Device	Laserdiode_N_TYPE
266	Device	Device	Laserdiode_P_TYPE
267	Device	Device	MEMRISTOR
268	Device	Device	Microphone
269	Device	Device	Microphone_Condenser
270	Device	Device	Microphone_Crystal
271	Device	Device	Net-Tie_2
272	Device	Device	Net-Tie_3
273	Device	Device	Net-Tie_3_Tee
274	Device	Device	Net-Tie_4
275	Device	Device	Net-Tie_4_Cross
276	Device	Device	Ohmmeter
277	Device	Device	Opamp_Dual_Generic
278	Device	Device	Opamp_Quad_Generic
279	Device	Device	Oscilloscope
280	Device	Device	Peltier_Element
281	Device	Device	Polyfuse
282	Device	Device	Polyfuse_Small
283	Device	Device	Q_DUAL_NMOS_G1S2G2D2S1D1
284	Device	Device	Q_DUAL_NMOS_S1G1D2S2G2D1
285	Device	Device	Q_DUAL_NPN_C2C1E1E2
286	Device	Device	Q_DUAL_NPN_NPN_BRT_E1B1C2E2B2C1
287	Device	Device	Q_DUAL_NPN_NPN_C2E2C1E1B1B2
288	Device	Device	Q_DUAL_NPN_NPN_E1B1C2E2B2C1
289	Device	Device	Q_DUAL_NPN_PNP_BRT_E1B1C2E2B2C1
290	Device	Device	Q_DUAL_NPN_PNP_E1B1C2E2B2C1
291	Device	Device	Q_DUAL_PMOS_G1S2G2D2S1D1
292	Device	Device	Q_DUAL_PMOS_S1G1D2S2G2D1
293	Device	Device	Q_DUAL_PMOS_S1G1S2G2D2D2D1D1
294	Device	Device	Q_DUAL_PNP_C2C1E1E2
295	Device	Device	Q_DUAL_PNP_NPN_BRT_E1B1C2E2B2C1
296	Device	Device	Q_DUAL_PNP_PNP_BRT_E1B1C2E2B2C1
297	Device	Device	Q_DUAL_PNP_PNP_C1B1B2C2E2E1
298	Device	Device	Q_DUAL_PNP_PNP_C2E2C1E1B1B2
299	Device	Device	Q_DUAL_PNP_PNP_E1B1C2E2B2C1
300	Device	Device	Q_NIGBT_CEG
301	Device	Device	Q_NIGBT_CGE
302	Device	Device	Q_NIGBT_ECG
303	Device	Device	Q_NIGBT_ECGC
304	Device	Device	Q_NIGBT_EGC
305	Device	Device	Q_NIGBT_GCE
306	Device	Device	Q_NIGBT_GCEC
307	Device	Device	Q_NIGBT_GEC
308	Device	Device	Q_NJFET_DGS
309	Device	Device	Q_NJFET_DSG
310	Device	Device	Q_NJFET_GDS
311	Device	Device	Q_NJFET_GSD
312	Device	Device	Q_NJFET_SDG
313	Device	Device	Q_NJFET_SGD
314	Device	Device	Q_NMOS_DGS
315	Device	Device	Q_NMOS_DSG
316	Device	Device	Q_NMOS_GDS
317	Device	Device	Q_NMOS_GDSD
318	Device	Device	Q_NMOS_GSD
319	Device	Device	Q_NMOS_SDG
320	Device	Device	Q_NMOS_SDGD
321	Device	Device	Q_NMOS_SGD
322	Device	Device	Q_NPN_BCE
323	Device	Device	Q_NPN_BCEC
324	Device	Device	Q_NPN_BEC
325	Device	Device	Q_NPN_BEC_BRT
326	Device	Device	Q_NPN_CBE
327	Device	Device	Q_NPN_CEB
328	Device	Device	Q_NPN_Darlington_BCE
329	Device	Device	Q_NPN_Darlington_BCEC
330	Device	Device	Q_NPN_Darlington_BEC
331	Device	Device	Q_NPN_Darlington_CBE
332	Device	Device	Q_NPN_Darlington_CEB
333	Device	Device	Q_NPN_Darlington_EBC
334	Device	Device	Q_NPN_Darlington_ECB
335	Device	Device	Q_NPN_Darlington_ECBC
336	Device	Device	Q_NPN_EBC
337	Device	Device	Q_NPN_ECB
338	Device	Device	Q_NPN_ECBC
339	Device	Device	Q_NPN_ECB_BRT
340	Device	Device	Q_NUJT_BEB
341	Device	Device	Q_PJFET_DGS
342	Device	Device	Q_PJFET_DSG
343	Device	Device	Q_PJFET_GDS
344	Device	Device	Q_PJFET_GSD
345	Device	Device	Q_PJFET_SDG
346	Device	Device	Q_PJFET_SGD
347	Device	Device	Q_PMOS_DGS
348	Device	Device	Q_PMOS_DSG
349	Device	Device	Q_PMOS_GDS
350	Device	Device	Q_PMOS_GDSD
351	Device	Device	Q_PMOS_GSD
352	Device	Device	Q_PMOS_SDG
353	Device	Device	Q_PMOS_SDGD
354	Device	Device	Q_PMOS_SGD
355	Device	Device	Q_PNP_BCE
356	Device	Device	Q_PNP_BCEC
357	Device	Device	Q_PNP_BEC
358	Device	Device	Q_PNP_BEC_BRT
359	Device	Device	Q_PNP_CBE
360	Device	Device	Q_PNP_CEB
361	Device	Device	Q_PNP_Darlington_BCE
362	Device	Device	Q_PNP_Darlington_BCEC
363	Device	Device	Q_PNP_Darlington_BEC
364	Device	Device	Q_PNP_Darlington_CBE
365	Device	Device	Q_PNP_Darlington_CEB
366	Device	Device	Q_PNP_Darlington_EBC
367	Device	Device	Q_PNP_Darlington_ECB
368	Device	Device	Q_PNP_Darlington_ECBC
369	Device	Device	Q_PNP_EBC
370	Device	Device	Q_PNP_ECB
371	Device	Device	Q_PNP_ECBC
372	Device	Device	Q_PNP_ECB_BRT
373	Device	Device	Q_PUJT_BEB
374	Device	Device	Q_Photo_NPN
375	Device	Device	Q_Photo_NPN_CBE
376	Device	Device	Q_Photo_NPN_EBC
377	Device	Device	Q_Photo_NPN_EC
378	Device	Device	Q_SCR_AGK
379	Device	Device	Q_SCR_AKG
380	Device	Device	Q_SCR_GAK
381	Device	Device	Q_SCR_GKA
382	Device	Device	Q_SCR_KAG
383	Device	Device	Q_SCR_KGA
384	Device	Device	Q_TRIAC_A1A2G
385	Device	Device	Q_TRIAC_A1GA2
386	Device	Device	Q_TRIAC_A2A1G
387	Device	Device	Q_TRIAC_A2GA1
388	Device	Device	Q_TRIAC_GA1A2
389	Device	Device	Q_TRIAC_GA2A1
390	Device	Device	R
391	Device	Device	RF_Shield_One_Piece
392	Device	Device	RF_Shield_Two_Pieces
393	Device	Device	RTRIM
394	Device	Device	R_Network03
395	Device	Device	R_Network03_Split
396	Device	Device	R_Network03_US
397	Device	Device	R_Network04
398	Device	Device	R_Network04_Split
399	Device	Device	R_Network04_US
400	Device	Device	R_Network05
401	Device	Device	R_Network05_Split
402	Device	Device	R_Network05_US
403	Device	Device	R_Network06
404	Device	Device	R_Network06_Split
405	Device	Device	R_Network06_US
406	Device	Device	R_Network07
407	Device	Device	R_Network07_Split
408	Device	Device	R_Network07_US
409	Device	Device	R_Network08
410	Device	Device	R_Network08_Split
411	Device	Device	R_Network08_US
412	Device	Device	R_Network09
413	Device	Device	R_Network09_Split
414	Device	Device	R_Network09_US
415	Device	Device	R_Network10
416	Device	Device	R_Network10_Split
417	Device	Device	R_Network10_US
418	Device	Device	R_Network11
419	Device	Device	R_Network11_Split
420	Device	Device	R_Network11_US
421	Device	Device	R_Network12
422	Device	Device	R_Network12_Split
423	Device	Device	R_Network12_US
424	Device	Device	R_Network13
425	Device	Device	R_Network13_Split
426	Device	Device	R_Network13_US
427	Device	Device	R_Network_Dividers_x02_SIP
428	Device	Device	R_Network_Dividers_x03_SIP
429	Device	Device	R_Network_Dividers_x04_SIP
430	Device	Device	R_Network_Dividers_x05_SIP
431	Device	Device	R_Network_Dividers_x06_SIP
432	Device	Device	R_Network_Dividers_x07_SIP
433	Device	Device	R_Network_Dividers_x08_SIP
434	Device	Device	R_Network_Dividers_x09_SIP
435	Device	Device	R_Network_Dividers_x10_SIP
436	Device	Device	R_Network_Dividers_x11_SIP
437	Device	Device	R_PHOTO
438	Device	Device	R_POT
439	Device	Device	R_POT_Dual
440	Device	Device	R_POT_Dual_Separate
441	Device	Device	R_POT_MountingPin
442	Device	Device	R_POT_Small
443	Device	Device	R_POT_TRIM
444	Device	Device	R_POT_TRIM_US
445	Device	Device	R_POT_US
446	Device	Device	R_Pack02
447	Device	Device	R_Pack02_SIP
448	Device	Device	R_Pack02_SIP_Split
449	Device	Device	R_Pack02_Split
450	Device	Device	R_Pack03
451	Device	Device	R_Pack03_SIP
452	Device	Device	R_Pack03_SIP_Split
453	Device	Device	R_Pack03_Split
454	Device	Device	R_Pack04
455	Device	Device	R_Pack04_SIP
456	Device	Device	R_Pack04_SIP_Split
457	Device	Device	R_Pack04_Split
458	Device	Device	R_Pack05
459	Device	Device	R_Pack05_SIP
460	Device	Device	R_Pack05_SIP_Split
461	Device	Device	R_Pack05_Split
462	Device	Device	R_Pack06
463	Device	Device	R_Pack06_SIP
464	Device	Device	R_Pack06_SIP_Split
465	Device	Device	R_Pack06_Split
466	Device	Device	R_Pack07
467	Device	Device	R_Pack07_SIP
468	Device	Device	R_Pack07_SIP_Split
469	Device	Device	R_Pack07_Split
470	Device	Device	R_Pack08
471	Device	Device	R_Pack08_Split
472	Device	Device	R_Pack09
473	Device	Device	R_Pack09_Split
474	Device	Device	R_Pack10
475	Device	Device	R_Pack10_Split
476	Device	Device	R_Pack11
477	Device	Device	R_Pack11_Split
478	Device	Device	R_Shunt
479	Device	Device	R_Shunt_US
480	Device	Device	R_Small
481	Device	Device	R_Small_US
482	Device	Device	R_US
483	Device	Device	R_Variable
484	Device	Device	R_Variable_US
485	Device	Device	Resonator
486	Device	Device	Resonator_Small
487	Device	Device	Rotary_Encoder
488	Device	Device	Rotary_Encoder_Switch
489	Device	Device	SPARK_GAP
490	Device	Device	Solar_Cell
491	Device	Device	Solar_Cells
492	Device	Device	Speaker
493	Device	Device	Speaker_Crystal
494	Device	Device	Thermistor
495	Device	Device	Thermistor_NTC
496	Device	Device	Thermistor_NTC_3wire
497	Device	Device	Thermistor_NTC_4wire
498	Device	Device	Thermistor_NTC_US
499	Device	Device	Thermistor_PTC
500	Device	Device	Thermistor_PTC_3wire
501	Device	Device	Thermistor_PTC_4wire
502	Device	Device	Thermistor_PTC_US
503	Device	Device	Thermistor_US
504	Device	Device	Thermocouple
505	Device	Device	Thermocouple_ALT
506	Device	Device	Thermocouple_Block
507	Device	Device	Transformer_1P_1S
508	Device	Device	Transformer_1P_1S_SO8
509	Device	Device	Transformer_1P_2S
510	Device	Device	Transformer_1P_SS
511	Device	Device	Transformer_AUDIO
512	Device	Device	Transformer_SP_1S
513	Device	Device	Transformer_SP_2S
514	Device	Device	Varistor
515	Device	Device	Varistor_US
516	Device	Device	Voltage_Divider
517	Device	Device	Voltage_Divider_CenterPin1
518	Device	Device	Voltage_Divider_CenterPin3
519	Device	Device	Voltmeter_AC
520	Device	Device	Voltmeter_DC
521	Diode	Diode	1.5KExxA
522	Diode	Diode	1.5KExxCA
523	Diode	Diode	1N4001
524	Diode	Diode	1N4148
525	Diode	Diode	1N4148WS
526	Diode	Diode	1N4148WT
527	Diode	Diode	1N53xxB
528	Diode	Diode	1N5400
529	Diode	Diode	1N5711UR
530	Diode	Diode	1N5820
531	Diode	Diode	1N6263
532	Diode	Diode	2BZX84Cxx
533	Diode	Diode	5KPxxA
534	Diode	Diode	5KPxxCA
535	Diode	Diode	B120-E3
536	Diode	Diode	B220
537	Diode	Diode	B320
538	Diode	Diode	BAR42FILM
539	Diode	Diode	BAS16TW
540	Diode	Diode	BAS16W
541	Diode	Diode	BAS40-04
542	Diode	Diode	BAT48JFILM
543	Diode	Diode	BAT48ZFILM
544	Diode	Diode	BAT54A
545	Diode	Diode	BAT54ADW
546	Diode	Diode	BAT54AW
547	Diode	Diode	BAT54C
548	Diode	Diode	BAT54CW
549	Diode	Diode	BAT54J
550	Diode	Diode	BAT54S
551	Diode	Diode	BAT54SW
552	Diode	Diode	BAT54W
553	Diode	Diode	BAV70
554	Diode	Diode	BAV70M
555	Diode	Diode	BAV70S
556	Diode	Diode	BAV70T
557	Diode	Diode	BAV70W
558	Diode	Diode	BAV756S
559	Diode	Diode	BAV99
560	Diode	Diode	BAV99S
561	Diode	Diode	BYV79-100
562	Diode	Diode	BZD27Cxx
563	Diode	Diode	BZM55Bxx
564	Diode	Diode	BZT52Bxx
565	Diode	Diode	BZX384-xxx
566	Diode	Diode	BZX84Cxx
567	Diode	Diode	C3D02060F
568	Diode	Diode	C3D06060G
569	Diode	Diode	C3D16060D
570	Diode	Diode	C3D1P7060Q
571	Diode	Diode	C4D10120H
572	Diode	Diode	CD4148W
573	Diode	Diode	CSD01060E
574	Diode	Diode	DB3
575	Diode	Diode	ESD9B5.0ST5G
576	Diode	Diode	IDDD04G65C6
577	Diode	Diode	LL41
578	Diode	Diode	LL4148
579	Diode	Diode	MBR735
580	Diode	Diode	MCL4148
581	Diode	Diode	MM3Zxx
582	Diode	Diode	MM5Zxx
583	Diode	Diode	MMBZxx
584	Diode	Diode	MMSD914
585	Diode	Diode	MRA4003T3G
586	Diode	Diode	PMEG2005EH
587	Diode	Diode	PMEG2005EJ
588	Diode	Diode	PMEG2010AET
589	Diode	Diode	PMEG4050EP
590	Diode	Diode	Rohm_UMN1N
591	Diode	Diode	Rohm_UMP11N
592	Diode	Diode	S2JTR
593	Diode	Diode	SB120
594	Diode	Diode	SD05_SOD323
595	Diode	Diode	SD103ATW
596	Diode	Diode	SM4001
597	Diode	Diode	SM712_SOT23
598	Diode	Diode	STTH212S
599	Diode	Diode	VS-6ESU06
600	Diode	Diode	Z1SMAxxx
601	Diode	Diode	Z2SMBxxx
602	Diode	Diode	Z3SMCxxx
603	Diode	Diode	ZMDxx
604	Diode	Diode	ZMYxx
605	Diode	Diode	ZPDxx
606	Diode	Diode	ZPYxx
607	LED	LED	APA-106-F5
608	LED	LED	APA102
609	LED	LED	APA102-2020
610	LED	LED	APFA3010
611	LED	LED	ASMB-MTB0-0A3A2
612	LED	LED	ASMB-MTB1-0A3A2
613	LED	LED	ASMT-YTC2-0AA02
614	LED	LED	CLS6B-FKW
615	LED	LED	CLV1L-FKB
616	LED	LED	HDSP-4830
617	LED	LED	HDSP-4830_2
618	LED	LED	HDSP-4832
619	LED	LED	HDSP-4832_2
620	LED	LED	HDSP-4836
621	LED	LED	HDSP-4836_2
622	LED	LED	HDSP-4840
623	LED	LED	HDSP-4840_2
624	LED	LED	HDSP-4850
625	LED	LED	HDSP-4850_2
626	LED	LED	HLCP-J100
627	LED	LED	HLCP-J100_2
628	LED	LED	IR26-21C_L110_TR8
629	LED	LED	IRL81A
630	LED	LED	Inolux_IN-PI554FCH
631	LED	LED	Inolux_IN-PI556FCH
632	LED	LED	LD271
633	LED	LED	LED_Cree_XHP50_12V
634	LED	LED	LED_Cree_XHP50_6V
635	LED	LED	LED_Cree_XHP70_12V
636	LED	LED	LED_Cree_XHP70_6V
637	LED	LED	NeoPixel_THT
638	LED	LED	QLS6A-FKW
639	LED	LED	SFH4356P
640	LED	LED	SFH460
641	LED	LED	SFH482
642	LED	LED	SK6805
643	LED	LED	SK6812
644	LED	LED	SK6812MINI
645	LED	LED	SMLVN6RGB
646	LED	LED	WS2812B
647	LED	LED	WS2812S
648	LED	LED	WS2813
649	LED	LED	WS2822S
650	Motor	Motor	Fan
651	Motor	Motor	Fan_ALT
652	Motor	Motor	Fan_IEC60617
653	Motor	Motor	Fan_Tacho
654	Motor	Motor	Fan_Tacho_PWM
655	Motor	Motor	Motor_AC
656	Motor	Motor	Motor_DC
657	Motor	Motor	Motor_DC_ALT
658	Motor	Motor	Motor_Servo
659	Motor	Motor	Motor_Servo_AirTronics
660	Motor	Motor	Stepper_Motor_bipolar
661	Motor	Motor	Stepper_Motor_unipolar_5pin
662	Motor	Motor	Stepper_Motor_unipolar_6pin
663	Oscillator	Oscillator	5P49V6965
664	Oscillator	Oscillator	ABLNO
665	Oscillator	Oscillator	ACO-xxxMHz-A
666	Oscillator	Oscillator	ASCO
667	Oscillator	Oscillator	ASDMB-xxxMHz
668	Oscillator	Oscillator	ASE-xxxMHz
669	Oscillator	Oscillator	ASV-xxxMHz
670	Oscillator	Oscillator	CXO_DIP14
671	Oscillator	Oscillator	CXO_DIP8
672	Oscillator	Oscillator	DFA-S11
673	Oscillator	Oscillator	DFA-S15
674	Oscillator	Oscillator	DFA-S2
675	Oscillator	Oscillator	DFA-S3
676	Oscillator	Oscillator	DGOF5S3
677	Oscillator	Oscillator	ECS-2520MV-xxx-xx
678	Oscillator	Oscillator	IQXO-70
679	Oscillator	Oscillator	JTOS-50
680	Oscillator	Oscillator	KT2520K-T
681	Oscillator	Oscillator	LTC6905xS5-80
682	Oscillator	Oscillator	MAX7375AXR805
683	Oscillator	Oscillator	MV267
684	Oscillator	Oscillator	MV317
685	Oscillator	Oscillator	NB3N502
686	Oscillator	Oscillator	NB3N511
687	Oscillator	Oscillator	OCXO-14
688	Oscillator	Oscillator	OH300
689	Oscillator	Oscillator	SG-210SED
690	Oscillator	Oscillator	SG-210STF
691	Oscillator	Oscillator	SG-3030CM
692	Oscillator	Oscillator	SG-5032CAN
693	Oscillator	Oscillator	SG-7050CAN
694	Oscillator	Oscillator	SG-8002CA
695	Oscillator	Oscillator	SG-8002CE
696	Oscillator	Oscillator	SG-8002DB
697	Oscillator	Oscillator	SG-8002DC
698	Oscillator	Oscillator	SG-8002JA
699	Oscillator	Oscillator	SG-8002JC
700	Oscillator	Oscillator	SG-8002LB
701	Oscillator	Oscillator	Si512A_2.5x3.2mm
702	Oscillator	Oscillator	Si513A_2.5x3.2mm
703	Oscillator	Oscillator	Si5351A-B-GM
704	Oscillator	Oscillator	Si5351A-B-GT
705	Oscillator	Oscillator	Si5351B-B-GM
706	Oscillator	Oscillator	Si5351C-B-GM
707	Oscillator	Oscillator	Si570
708	Oscillator	Oscillator	Si571
709	Oscillator	Oscillator	TCXO3
710	Oscillator	Oscillator	TXC-7C
711	Oscillator	Oscillator	VC-81
712	Oscillator	Oscillator	XO32
713	Oscillator	Oscillator	XO53
714	Oscillator	Oscillator	XO91
715	Oscillator	Oscillator	XUX51
716	Oscillator	Oscillator	XUX71
717	Oscillator	Oscillator	XUY51
718	Oscillator	Oscillator	XUY71
719	Transistor_BJT	Transistor_BJT	2N2219
720	Transistor_BJT	Transistor_BJT	2N2646
721	Transistor_BJT	Transistor_BJT	2N3055
722	Transistor_BJT	Transistor_BJT	2N3904
723	Transistor_BJT	Transistor_BJT	2N3906
724	Transistor_BJT	Transistor_BJT	2SA1015
725	Transistor_BJT	Transistor_BJT	2SB631
726	Transistor_BJT	Transistor_BJT	2SB817
727	Transistor_BJT	Transistor_BJT	2SC1815
728	Transistor_BJT	Transistor_BJT	2SC1941
729	Transistor_BJT	Transistor_BJT	2SC1945
730	Transistor_BJT	Transistor_BJT	2SD1047
731	Transistor_BJT	Transistor_BJT	2SD600
732	Transistor_BJT	Transistor_BJT	BC107
733	Transistor_BJT	Transistor_BJT	BC160
734	Transistor_BJT	Transistor_BJT	BC237
735	Transistor_BJT	Transistor_BJT	BC240
736	Transistor_BJT	Transistor_BJT	BC307
737	Transistor_BJT	Transistor_BJT	BC413
738	Transistor_BJT	Transistor_BJT	BC516
739	Transistor_BJT	Transistor_BJT	BC517
740	Transistor_BJT	Transistor_BJT	BC547
741	Transistor_BJT	Transistor_BJT	BC557
742	Transistor_BJT	Transistor_BJT	BC636
743	Transistor_BJT	Transistor_BJT	BC807
744	Transistor_BJT	Transistor_BJT	BC807W
745	Transistor_BJT	Transistor_BJT	BC817
746	Transistor_BJT	Transistor_BJT	BC817W
747	Transistor_BJT	Transistor_BJT	BC846BPN
748	Transistor_BJT	Transistor_BJT	BC846BS
749	Transistor_BJT	Transistor_BJT	BC856BS
750	Transistor_BJT	Transistor_BJT	BCP51
751	Transistor_BJT	Transistor_BJT	BCV29
752	Transistor_BJT	Transistor_BJT	BCV61
753	Transistor_BJT	Transistor_BJT	BCV62
754	Transistor_BJT	Transistor_BJT	BCX51
755	Transistor_BJT	Transistor_BJT	BCX56
756	Transistor_BJT	Transistor_BJT	BD139
757	Transistor_BJT	Transistor_BJT	BD140
758	Transistor_BJT	Transistor_BJT	BD249
759	Transistor_BJT	Transistor_BJT	BD250
760	Transistor_BJT	Transistor_BJT	BD433
761	Transistor_BJT	Transistor_BJT	BD434
762	Transistor_BJT	Transistor_BJT	BD910
763	Transistor_BJT	Transistor_BJT	BD911
764	Transistor_BJT	Transistor_BJT	BDW93
765	Transistor_BJT	Transistor_BJT	BDW94
766	Transistor_BJT	Transistor_BJT	BF199
767	Transistor_BJT	Transistor_BJT	BF457
768	Transistor_BJT	Transistor_BJT	BFR92
769	Transistor_BJT	Transistor_BJT	BFT92
770	Transistor_BJT	Transistor_BJT	BUT11
771	Transistor_BJT	Transistor_BJT	DTA113T
772	Transistor_BJT	Transistor_BJT	DTA113Z
773	Transistor_BJT	Transistor_BJT	DTA114E
774	Transistor_BJT	Transistor_BJT	DTA114G
775	Transistor_BJT	Transistor_BJT	DTA114T
776	Transistor_BJT	Transistor_BJT	DTA114W
777	Transistor_BJT	Transistor_BJT	DTA114Y
778	Transistor_BJT	Transistor_BJT	DTA115E
779	Transistor_BJT	Transistor_BJT	DTA115G
780	Transistor_BJT	Transistor_BJT	DTA115T
781	Transistor_BJT	Transistor_BJT	DTA115U
782	Transistor_BJT	Transistor_BJT	DTA123E
783	Transistor_BJT	Transistor_BJT	DTA123J
784	Transistor_BJT	Transistor_BJT	DTA123Y
785	Transistor_BJT	Transistor_BJT	DTA124E
786	Transistor_BJT	Transistor_BJT	DTA124G
787	Transistor_BJT	Transistor_BJT	DTA124T
788	Transistor_BJT	Transistor_BJT	DTA124X
789	Transistor_BJT	Transistor_BJT	DTA125T
790	Transistor_BJT	Transistor_BJT	DTA143E
791	Transistor_BJT	Transistor_BJT	DTA143T
792	Transistor_BJT	Transistor_BJT	DTA143X
793	Transistor_BJT	Transistor_BJT	DTA143Y
794	Transistor_BJT	Transistor_BJT	DTA143Z
795	Transistor_BJT	Transistor_BJT	DTA144E
796	Transistor_BJT	Transistor_BJT	DTA144G
797	Transistor_BJT	Transistor_BJT	DTA144T
798	Transistor_BJT	Transistor_BJT	DTA144V
799	Transistor_BJT	Transistor_BJT	DTA144W
800	Transistor_BJT	Transistor_BJT	DTA1D3R
801	Transistor_BJT	Transistor_BJT	DTA214Y
802	Transistor_BJT	Transistor_BJT	DTB113E
803	Transistor_BJT	Transistor_BJT	DTB113Z
804	Transistor_BJT	Transistor_BJT	DTB114E
805	Transistor_BJT	Transistor_BJT	DTB114G
806	Transistor_BJT	Transistor_BJT	DTB114T
807	Transistor_BJT	Transistor_BJT	DTB122J
808	Transistor_BJT	Transistor_BJT	DTB123E
809	Transistor_BJT	Transistor_BJT	DTB123T
810	Transistor_BJT	Transistor_BJT	DTB123Y
811	Transistor_BJT	Transistor_BJT	DTB133H
812	Transistor_BJT	Transistor_BJT	DTB143T
813	Transistor_BJT	Transistor_BJT	DTB163T
814	Transistor_BJT	Transistor_BJT	DTC113T
815	Transistor_BJT	Transistor_BJT	DTC113Z
816	Transistor_BJT	Transistor_BJT	DTC114E
817	Transistor_BJT	Transistor_BJT	DTC114G
818	Transistor_BJT	Transistor_BJT	DTC114T
819	Transistor_BJT	Transistor_BJT	DTC114W
820	Transistor_BJT	Transistor_BJT	DTC114Y
821	Transistor_BJT	Transistor_BJT	DTC115E
822	Transistor_BJT	Transistor_BJT	DTC115G
823	Transistor_BJT	Transistor_BJT	DTC115T
824	Transistor_BJT	Transistor_BJT	DTC115U
825	Transistor_BJT	Transistor_BJT	DTC123E
826	Transistor_BJT	Transistor_BJT	DTC123J
827	Transistor_BJT	Transistor_BJT	DTC123Y
828	Transistor_BJT	Transistor_BJT	DTC124E
829	Transistor_BJT	Transistor_BJT	DTC124G
830	Transistor_BJT	Transistor_BJT	DTC124T
831	Transistor_BJT	Transistor_BJT	DTC124X
832	Transistor_BJT	Transistor_BJT	DTC125T
833	Transistor_BJT	Transistor_BJT	DTC143E
834	Transistor_BJT	Transistor_BJT	DTC143T
835	Transistor_BJT	Transistor_BJT	DTC143X
836	Transistor_BJT	Transistor_BJT	DTC143Y
837	Transistor_BJT	Transistor_BJT	DTC143Z
838	Transistor_BJT	Transistor_BJT	DTC144E
839	Transistor_BJT	Transistor_BJT	DTC144G
840	Transistor_BJT	Transistor_BJT	DTC144T
841	Transistor_BJT	Transistor_BJT	DTC144V
842	Transistor_BJT	Transistor_BJT	DTC144W
843	Transistor_BJT	Transistor_BJT	DTC1D3R
844	Transistor_BJT	Transistor_BJT	DTC214Y
845	Transistor_BJT	Transistor_BJT	DTD113E
846	Transistor_BJT	Transistor_BJT	DTD113Z
847	Transistor_BJT	Transistor_BJT	DTD114E
848	Transistor_BJT	Transistor_BJT	DTD114G
849	Transistor_BJT	Transistor_BJT	DTD114T
850	Transistor_BJT	Transistor_BJT	DTD122J
851	Transistor_BJT	Transistor_BJT	DTD123E
852	Transistor_BJT	Transistor_BJT	DTD123T
853	Transistor_BJT	Transistor_BJT	DTD123Y
854	Transistor_BJT	Transistor_BJT	DTD133H
855	Transistor_BJT	Transistor_BJT	DTD143T
856	Transistor_BJT	Transistor_BJT	DTD163T
857	Transistor_BJT	Transistor_BJT	FMB2227A
858	Transistor_BJT	Transistor_BJT	KTD1624
859	Transistor_BJT	Transistor_BJT	MAT02
860	Transistor_BJT	Transistor_BJT	MJ2955
861	Transistor_BJT	Transistor_BJT	MJE13003
862	Transistor_BJT	Transistor_BJT	MJE13007G
863	Transistor_BJT	Transistor_BJT	MMBTA42
864	Transistor_BJT	Transistor_BJT	MMBTA92
865	Transistor_BJT	Transistor_BJT	MPSA42
866	Transistor_BJT	Transistor_BJT	MPSA92
867	Transistor_BJT	Transistor_BJT	MUN5211DW1
868	Transistor_BJT	Transistor_BJT	PN2222A
869	Transistor_BJT	Transistor_BJT	PZT2222A
870	Transistor_BJT	Transistor_BJT	PZT3904
871	Transistor_BJT	Transistor_BJT	PZT3906
872	Transistor_BJT	Transistor_BJT	PZTA42
873	Transistor_BJT	Transistor_BJT	PZTA92
874	Transistor_BJT	Transistor_BJT	S8050
875	Transistor_BJT	Transistor_BJT	S8550
876	Transistor_BJT	Transistor_BJT	SSM2210
877	Transistor_BJT	Transistor_BJT	SSM2220
878	Transistor_BJT	Transistor_BJT	TIP120
879	Transistor_BJT	Transistor_BJT	TIP125
880	Transistor_BJT	Transistor_BJT	TIP2955
881	Transistor_BJT	Transistor_BJT	TIP2955G
882	Transistor_BJT	Transistor_BJT	TIP3055
883	Transistor_BJT	Transistor_BJT	TIP3055G
884	Transistor_FET	Transistor_FET	2N7000
885	Transistor_FET	Transistor_FET	3SK263
886	Transistor_FET	Transistor_FET	BF244A
887	Transistor_FET	Transistor_FET	BF245A
888	Transistor_FET	Transistor_FET	BF545A
889	Transistor_FET	Transistor_FET	BS107
890	Transistor_FET	Transistor_FET	BS250
891	Transistor_FET	Transistor_FET	BSB008NE2LX
892	Transistor_FET	Transistor_FET	BSB028N06NN3
893	Transistor_FET	Transistor_FET	BSB104N08NP3
894	Transistor_FET	Transistor_FET	BSB165N15NZ3
895	Transistor_FET	Transistor_FET	BSC13DN30NSFD
896	Transistor_FET	Transistor_FET	BSF030NE2LQ
897	Transistor_FET	Transistor_FET	BSF450NE7NH3
898	Transistor_FET	Transistor_FET	BSP129
899	Transistor_FET	Transistor_FET	BSP89
900	Transistor_FET	Transistor_FET	BSR56
901	Transistor_FET	Transistor_FET	BSS138
902	Transistor_FET	Transistor_FET	BSS214NW
903	Transistor_FET	Transistor_FET	BUK9M53-60EX
904	Transistor_FET	Transistor_FET	BUZ11
905	Transistor_FET	Transistor_FET	C3M0030090K
906	Transistor_FET	Transistor_FET	C3M0065090D
907	Transistor_FET	Transistor_FET	C3M0065090J
908	Transistor_FET	Transistor_FET	CSD16301Q2
909	Transistor_FET	Transistor_FET	CSD17578Q5A
910	Transistor_FET	Transistor_FET	CSD19537Q3
911	Transistor_FET	Transistor_FET	CSD25302Q2
912	Transistor_FET	Transistor_FET	DMC2053UVT
913	Transistor_FET	Transistor_FET	DMG1012T
914	Transistor_FET	Transistor_FET	DMP3013SFV
915	Transistor_FET	Transistor_FET	FDC6330L
916	Transistor_FET	Transistor_FET	FDG1024NZ
917	Transistor_FET	Transistor_FET	FDMC8032L
918	Transistor_FET	Transistor_FET	FDS6890A
919	Transistor_FET	Transistor_FET	IPD50R380CE
920	Transistor_FET	Transistor_FET	IPDD60R050G7
921	Transistor_FET	Transistor_FET	IPT012N08N5
922	Transistor_FET	Transistor_FET	IRF40DM229
923	Transistor_FET	Transistor_FET	IRF60DM206
924	Transistor_FET	Transistor_FET	IRF6613
925	Transistor_FET	Transistor_FET	IRF6655
926	Transistor_FET	Transistor_FET	IRF6710S2
927	Transistor_FET	Transistor_FET	IRF6718L2
928	Transistor_FET	Transistor_FET	IRF6802SD
929	Transistor_FET	Transistor_FET	IRF6892S
930	Transistor_FET	Transistor_FET	IRF7309IPBF
931	Transistor_FET	Transistor_FET	IRF7324
932	Transistor_FET	Transistor_FET	IRF7404
933	Transistor_FET	Transistor_FET	IRF7606PBF
934	Transistor_FET	Transistor_FET	IRF7607PBF
935	Transistor_FET	Transistor_FET	IRF7665S2
936	Transistor_FET	Transistor_FET	IRF7739L1
937	Transistor_FET	Transistor_FET	IRF8721PBF-1
938	Transistor_FET	Transistor_FET	IRF9383M
939	Transistor_FET	Transistor_FET	IRF9394M
940	Transistor_FET	Transistor_FET	IRF9540N
941	Transistor_FET	Transistor_FET	IRFI4019H
942	Transistor_FET	Transistor_FET	IRL6283M
943	Transistor_FET	Transistor_FET	IRLIZ44N
944	Transistor_FET	Transistor_FET	PGA26E07BA
945	Transistor_FET	Transistor_FET	PSMN5R2-60YL
946	Transistor_FET	Transistor_FET	QM6015D
947	Transistor_FET	Transistor_FET	SUD19P06-60
948	Transistor_FET	Transistor_FET	Si1442DH
949	Transistor_FET	Transistor_FET	Si7141DP
950	Transistor_FET	Transistor_FET	Si7336ADP
951	Transistor_FET	Transistor_FET	SiA453EDJ
952	Transistor_FET	Transistor_FET	SiS415DNT
953	Transistor_FET	Transistor_FET	TP0610L
954	Transistor_FET	Transistor_FET	TP0610T
955	Transistor_FET	Transistor_FET	ZXMP4A16G
956	Transistor_IGBT	Transistor_IGBT	IRG4PF50W
957	Triac_Thyristor	Triac_Thyristor	BT169B
958	Triac_Thyristor	Triac_Thyristor	TIC106
959	Triac_Thyristor	Triac_Thyristor	TIC226
960	Triac_Thyristor	Triac_Thyristor	Z0103MN
961	eSim_Hybrid	eSim_Hybrid	adc_bridge_1
962	eSim_Hybrid	eSim_Hybrid	adc_bridge_2
963	eSim_Hybrid	eSim_Hybrid	adc_bridge_3
964	eSim_Hybrid	eSim_Hybrid	adc_bridge_4
965	eSim_Hybrid	eSim_Hybrid	adc_bridge_5
966	eSim_Hybrid	eSim_Hybrid	adc_bridge_6
967	eSim_Hybrid	eSim_Hybrid	adc_bridge_7
968	eSim_Hybrid	eSim_Hybrid	adc_bridge_8
969	eSim_Hybrid	eSim_Hybrid	dac_bridge_1
970	eSim_Hybrid	eSim_Hybrid	dac_bridge_2
971	eSim_Hybrid	eSim_Hybrid	dac_bridge_3
972	eSim_Hybrid	eSim_Hybrid	dac_bridge_4
973	eSim_Hybrid	eSim_Hybrid	dac_bridge_5
974	eSim_Hybrid	eSim_Hybrid	dac_bridge_6
975	eSim_Hybrid	eSim_Hybrid	dac_bridge_7
976	eSim_Hybrid	eSim_Hybrid	dac_bridge_8
977	eSim_Sources	eSim_Sources	eSim_AC
978	eSim_Sources	eSim_Sources	CCCS
979	eSim_Sources	eSim_Sources	CCVS
980	eSim_Sources	eSim_Sources	DC
981	eSim_Sources	eSim_Sources	VCCS
982	eSim_Sources	eSim_Sources	VCVS
983	eSim_Sources	eSim_Sources	dc
984	eSim_Sources	eSim_Sources	exp
985	eSim_Sources	eSim_Sources	pulse
986	eSim_Sources	eSim_Sources	pwl
987	eSim_Sources	eSim_Sources	sine
988	power	power	+10V
989	power	power	+12C
990	power	power	+12L
991	power	power	+12LF
992	power	power	+12P
993	power	power	+12V
994	power	power	+12VA
995	power	power	+15V
996	power	power	+1V0
997	power	power	+1V1
998	power	power	+1V2
999	power	power	+1V35
1000	power	power	+1V5
1001	power	power	+1V8
1002	power	power	+24V
1003	power	power	+28V
1004	power	power	+2V5
1005	power	power	+2V8
1006	power	power	+3.3VA
1007	power	power	+3.3VADC
1008	power	power	+3.3VDAC
1009	power	power	+3.3VP
1010	power	power	+36V
1011	power	power	+3V0
1012	power	power	+3V3
1013	power	power	+3V8
1014	power	power	+48V
1015	power	power	+4V
1016	power	power	+5C
1017	power	power	+5F
1018	power	power	+5P
1019	power	power	+5V
1020	power	power	+5VA
1021	power	power	+5VD
1022	power	power	+5VL
1023	power	power	+5VP
1024	power	power	+6V
1025	power	power	+7.5V
1026	power	power	+8V
1027	power	power	+9V
1028	power	power	+9VA
1029	power	power	+BATT
1030	power	power	+VDC
1031	power	power	+VSW
1032	power	power	-10V
1033	power	power	-12V
1034	power	power	-12VA
1035	power	power	-15V
1036	power	power	-24V
1037	power	power	-2V5
1038	power	power	-36V
1039	power	power	-3V3
1040	power	power	-48V
1041	power	power	-5V
1042	power	power	-5VA
1043	power	power	-6V
1044	power	power	-8V
1045	power	power	-9V
1046	power	power	-9VA
1047	power	power	-BATT
1048	power	power	-VDC
1049	power	power	-VSW
1050	power	power	AC
1051	power	power	Earth
1052	power	power	Earth_Clean
1053	power	power	Earth_Protective
1054	power	power	GND
1055	power	power	GND1
1056	power	power	GND2
1057	power	power	GND3
1058	power	power	GNDA
1059	power	power	GNDD
1060	power	power	GNDPWR
1061	power	power	GNDREF
1062	power	power	GNDS
1063	power	power	HT
1064	power	power	LINE
1065	power	power	NEUT
1066	power	power	PRI_HI
1067	power	power	PRI_LO
1068	power	power	PRI_MID
1069	power	power	PWR_FLAG
1070	power	power	VAA
1071	power	power	VAC
1072	power	power	VBUS
1073	power	power	VCC
1074	power	power	VCCQ
1075	power	power	VCOM
1076	power	power	VD
1077	power	power	VDC
1078	power	power	VDD
1079	power	power	VDDA
1080	power	power	VDDF
1081	power	power	VEE
1082	power	power	VMEM
1083	power	power	VPP
1084	power	power	VS
1085	power	power	VSS
1086	power	power	VSSA
1087	power	power	Vdrive
1088	pspice	pspice	0
1089	pspice	pspice	CAP
1090	pspice	pspice	DIODE
1091	pspice	pspice	INDUCTOR
1092	pspice	pspice	ISOURCE
1093	pspice	pspice	MNMOS
1094	pspice	pspice	MPMOS
1095	pspice	pspice	OPAMP
1096	pspice	pspice	QNPN
1097	pspice	pspice	QPNP
1098	pspice	pspice	R
1099	pspice	pspice	VSOURCE
