1	Commonly Used Blocks	Event handling	ANDBLK
2	Commonly Used Blocks	Mathematical Operations	BIGSOM_f
3	Commonly Used Blocks	Sinks	CMSCOPE
4	Commonly Used Blocks	Sources	CONST_m
5	Commonly Used Blocks	Integer	CONVERT
6	Commonly Used Blocks	Sinks	CSCOPXY
7	Commonly Used Blocks	Signal Routing	DEMUX
8	Commonly Used Blocks	Discrete time systems	DOLLAR_f
9	Commonly Used Blocks	Port & Subsystem	IN_f
10	Commonly Used Blocks	Continuous time systems	INTEGRAL_f
11	Commonly Used Blocks	Commonly Used Blocks	LOGICAL_OP
12	Commonly Used Blocks	Signal Routing	MUX
13	Commonly Used Blocks	Signal Routing	NRMSOM_f
14	Commonly Used Blocks	Port & Subsystem	OUT_f
15	Commonly Used Blocks	Mathematical Operations	PRODUCT
16	Commonly Used Blocks	Commonly Used Blocks	RELATIONALOP
17	Commonly Used Blocks	Discontinuities	SATURATION
18	Commonly Used Blocks	Signal Routing	SWITCH2_m
19	Commonly Used Blocks	Annotations	TEXT_f
20	Continuous time systems	Continuous time systems	CLINDUMMY_f
21	Continuous time systems	Continuous time systems	CLR
22	Continuous time systems	Continuous time systems	CLSS
23	Continuous time systems	Continuous time systems	DERIV
24	Continuous time systems	Continuous time systems	INTEGRAL_f
25	Continuous time systems	Continuous time systems	INTEGRAL_m
26	Continuous time systems	Continuous time systems	PDE
27	Continuous time systems	Continuous time systems	PID
28	Continuous time systems	Continuous time systems	TCLSS
29	Continuous time systems	Continuous time systems	TIME_DELAY
30	Continuous time systems	Continuous time systems	VARIABLE_DELAY
31	Discontinuities	Discontinuities	BACKLASH
32	Discontinuities	Discontinuities	DEADBAND
33	Discontinuities	Discontinuities	DELAYV_f
34	Discontinuities	Discontinuities	HYSTHERESIS
35	Discontinuities	Discontinuities	QUANT_f
36	Discontinuities	Discontinuities	RATELIMITER
37	Discontinuities	Discontinuities	SATURATION
38	Discrete time systems	Discrete time systems	AUTOMAT
39	Discrete time systems	Discrete time systems	DELAY_f
40	Discrete time systems	Discontinuities	DELAYV_f
41	Discrete time systems	Discrete time systems	DLR
42	Discrete time systems	Discrete time systems	DLRADAPT_f
43	Discrete time systems	Discrete time systems	DLSS
44	Discrete time systems	Discrete time systems	DOLLAR
45	Discrete time systems	Discrete time systems	DOLLAR_f
46	Discrete time systems	Discrete time systems	DOLLAR_m
47	Discrete time systems	Discrete time systems	REGISTER
48	Discrete time systems	Discrete time systems	SAMPHOLD_m
49	Discrete time systems	Continuous time systems	TCLSS
50	Lookup tables	Lookup tables	INTRP2BLK_f
51	Lookup tables	Lookup tables	INTRPLBLK_f
52	Lookup tables	Lookup tables	LOOKUP_f
53	Event handling	Event handling	ANDBLK
54	Event handling	Event handling	ANDLOG_f
55	Event handling	Event handling	CEVENTSCOPE
56	Event handling	Event handling	CLKFROM
57	Event handling	Event handling	CLKGOTO
58	Event handling	Event handling	CLKGotoTagVisibility
59	Event handling	Event handling	CLKOUTV_f
60	Event handling	Event handling	CLKSOMV_f
61	Event handling	Event handling	CLOCK_c
62	Event handling	Event handling	EDGE_TRIGGER
63	Event handling	Event handling	END_c
64	Event handling	Event handling	ENDBLK
65	Event handling	Event handling	ESELECT_f
66	Event handling	Event handling	EVTDLY_c
67	Event handling	Event handling	EVTGEN_f
68	Event handling	Event handling	EVTVARDLY
69	Event handling	Event handling	Extract_Activation
70	Event handling	Event handling	freq_div
71	Event handling	Event handling	HALT_f
72	Event handling	Event handling	IFTHEL_f
73	Event handling	Event handling	M_freq
74	Event handling	Event handling	MCLOCK_f
75	Event handling	Event handling	MFCLCK_f
76	Event handling	Event handling	SampleCLK
77	Event handling	Event handling	VirtualCLK0
78	Mathematical Operations	Mathematical Operations	ABS_VALUE
79	Mathematical Operations	Mathematical Operations	BIGSOM_f
80	Mathematical Operations	Mathematical Operations	COSBLK_f
81	Mathematical Operations	Mathematical Operations	EXPBLK_m
82	Mathematical Operations	Mathematical Operations	GAIN_f
83	Mathematical Operations	Mathematical Operations	GAINBLK
84	Mathematical Operations	Mathematical Operations	GAINBLK_f
85	Mathematical Operations	Mathematical Operations	INVBLK
86	Mathematical Operations	Mathematical Operations	LOGBLK_f
87	Mathematical Operations	Mathematical Operations	MATMAGPHI
88	Mathematical Operations	Mathematical Operations	MATZREIM
89	Mathematical Operations	Mathematical Operations	MAX_f
90	Mathematical Operations	Mathematical Operations	MAXMIN
91	Mathematical Operations	Mathematical Operations	MIN_f
92	Mathematical Operations	Mathematical Operations	POWBLK_f
93	Mathematical Operations	Mathematical Operations	PROD_f
94	Mathematical Operations	Mathematical Operations	PRODUCT
95	Mathematical Operations	Mathematical Operations	SIGNUM
96	Mathematical Operations	Mathematical Operations	SINBLK_f
97	Mathematical Operations	Mathematical Operations	SOM_f
98	Mathematical Operations	Mathematical Operations	SQRT
99	Mathematical Operations	Mathematical Operations	SUM_f
100	Mathematical Operations	Mathematical Operations	SUMMATION
101	Mathematical Operations	Mathematical Operations	TANBLK_f
102	Mathematical Operations	Mathematical Operations	TrigFun
103	Matrix	Matrix	CUMSUM
104	Matrix	Matrix	EXTRACT
105	Matrix	Matrix	EXTTRI
106	Matrix	Matrix	MATBKSL
107	Matrix	Matrix	MATCATH
108	Matrix	Matrix	MATCATV
109	Matrix	Matrix	MATDET
110	Matrix	Matrix	MATDIAG
111	Matrix	Matrix	MATDIV
112	Matrix	Matrix	MATEIG
113	Matrix	Matrix	MATEXPM
114	Matrix	Matrix	MATINV
115	Matrix	Matrix	MATLU
116	Matrix	Mathematical Operations	MATMAGPHI
117	Matrix	Matrix	MATMUL
118	Matrix	Matrix	MATPINV
119	Matrix	Matrix	MATRESH
120	Matrix	Matrix	MATSING
121	Matrix	Matrix	MATSUM
122	Matrix	Matrix	MATTRAN
123	Matrix	Matrix	MATZCONJ
124	Matrix	Mathematical Operations	MATZREIM
125	Matrix	Matrix	RICC
126	Matrix	Matrix	ROOTCOEF
127	Matrix	Mathematical Operations	SQRT
128	Matrix	Matrix	SUBMAT
129	Electrical	Electrical	Capacitor
130	Electrical	Electrical	CCS
131	Electrical	Electrical	ConstantVoltage
132	Electrical	Electrical	CurrentSensor
133	Electrical	Electrical	CVS
134	Electrical	Electrical	Diode
135	Electrical	Electrical	Ground
136	Electrical	Electrical	Gyrator
137	Electrical	Electrical	IdealTransformer
138	Electrical	Electrical	Inductor
139	Electrical	Electrical	NMOS
140	Electrical	Electrical	NPN
141	Electrical	Electrical	OpAmp
142	Electrical	Electrical	PMOS
143	Electrical	Electrical	PNP
144	Electrical	Electrical	PotentialSensor
145	Electrical	Electrical	Resistor
146	Electrical	Electrical	SineVoltage
147	Electrical	Electrical	Switch
148	Electrical	Electrical	VariableResistor
149	Electrical	Electrical	VoltageSensor
150	Electrical	Electrical	VsourceAC
151	Electrical	Electrical	VVsourceAC
152	Integer	Integer	BITCLEAR
153	Integer	Integer	BITSET
154	Integer	Integer	CONVERT
155	Integer	Integer	DFLIPFLOP
156	Integer	Integer	DLATCH
157	Integer	Integer	EXTRACTBITS
158	Integer	Integer	INTMUL
159	Integer	Integer	JKFLIPFLOP
160	Integer	Integer	LOGIC
161	Integer	Integer	SHIFT
162	Integer	Integer	SRFLIPFLOP
163	Port & Subsystem	Port & Subsystem	CLKINV_f
164	Port & Subsystem	Event handling	CLKOUTV_f
165	Port & Subsystem	Port & Subsystem	IN_f
166	Port & Subsystem	Port & Subsystem	INIMPL_f
167	Port & Subsystem	Port & Subsystem	OUT_f
168	Port & Subsystem	Port & Subsystem	OUTIMPL_f
169	Port & Subsystem	Port & Subsystem	SUPER_f
170	Zero crossing detection	Zero crossing detection	GENERAL_f
171	Zero crossing detection	Zero crossing detection	NEGTOPOS_f
172	Zero crossing detection	Zero crossing detection	POSTONEG_f
173	Zero crossing detection	Zero crossing detection	ZCROSS_f
174	Signal Routing	Event handling	CLKFROM
175	Signal Routing	Event handling	CLKGOTO
176	Signal Routing	Signal Routing	DEMUX
177	Signal Routing	Signal Routing	DEMUX_f
178	Signal Routing	Signal Routing	EXTRACTOR
179	Signal Routing	Signal Routing	FROM
180	Signal Routing	Signal Routing	FROMMO
181	Signal Routing	Signal Routing	GOTO
182	Signal Routing	Signal Routing	GOTOMO
183	Signal Routing	Signal Routing	GotoTagVisibility
184	Signal Routing	Signal Routing	GotoTagVisibilityMO
185	Signal Routing	Signal Routing	ISELECT_m
186	Signal Routing	Signal Routing	M_SWITCH
187	Signal Routing	Signal Routing	MUX
188	Signal Routing	Signal Routing	MUX_f
189	Signal Routing	Signal Routing	NRMSOM_f
190	Signal Routing	Signal Routing	RELAY_f
191	Signal Routing	Signal Routing	SCALAR2VECTOR
192	Signal Routing	Signal Routing	SELECT_m
193	Signal Routing	Signal Routing	SELF_SWITCH
194	Signal Routing	Signal Routing	SWITCH_f
195	Signal Routing	Signal Routing	SWITCH2_m
196	Signal Processing	Discontinuities	QUANT_f
197	Signal Processing	Discrete time systems	SAMPHOLD_m
198	Implicit	Implicit	CONSTRAINT_c
199	Implicit	Implicit	CONSTRAINT2_c
200	Implicit	Implicit	DIFF_f
201	Annotations	Annotations	TEXT_f
202	Sinks	Sinks	AFFICH_m
203	Sinks	Sinks	BARXY
204	Sinks	Sinks	CANIMXY
205	Sinks	Sinks	CANIMXY3D
206	Sinks	Sinks	CFSCOPE
207	Sinks	Event handling	CLKOUTV_f
208	Sinks	Sinks	CMAT3D
209	Sinks	Sinks	CMATVIEW
210	Sinks	Sinks	CMSCOPE
211	Sinks	Sinks	CSCOPE
212	Sinks	Sinks	CSCOPXY
213	Sinks	Sinks	CSCOPXY3D
214	Sinks	Event handling	END_c
215	Sinks	Event handling	ENDBLK
216	Sinks	Event handling	HALT_f
217	Sinks	Port & Subsystem	OUT_f
218	Sinks	Port & Subsystem	OUTIMPL_f
219	Sinks	Sinks	TOWS_c
220	Sinks	Sinks	TRASH_f
221	Sinks	Sinks	WRITEAU_f
222	Sinks	Sinks	WRITEC_f
223	Sources	Port & Subsystem	CLKINV_f
224	Sources	Event handling	CLOCK_c
225	Sources	Sources	CONST
226	Sources	Sources	CONST_f
227	Sources	Sources	CONST_m
228	Sources	Sources	Counter
229	Sources	Sources	CURV_f
230	Sources	Sources	FROMWSB
231	Sources	Sources	GENSIN_f
232	Sources	Sources	GENSQR_f
233	Sources	Port & Subsystem	IN_f
234	Sources	Port & Subsystem	INIMPL_f
235	Sources	Sources	Modulo_Count
236	Sources	Sources	PULSE_SC
237	Sources	Sources	RAMP
238	Sources	Sources	RAND_m
239	Sources	Sources	READAU_f
240	Sources	Sources	READC_f
241	Sources	Sources	RFILE_f
242	Sources	Event handling	SampleCLK
243	Sources	Sources	SAWTOOTH_f
244	Sources	Sources	Sigbuilder
245	Sources	Sources	STEP_FUNCTION
246	Sources	Sources	TIME_f
247	Sources	Sources	TKSCALE
248	Thermo-Hydraulics	Thermo-Hydraulics	Bache
249	Thermo-Hydraulics	Thermo-Hydraulics	Flowmeter
250	Thermo-Hydraulics	Thermo-Hydraulics	PerteDP
251	Thermo-Hydraulics	Thermo-Hydraulics	PuitsP
252	Thermo-Hydraulics	Thermo-Hydraulics	SourceP
253	Thermo-Hydraulics	Thermo-Hydraulics	VanneReglante
254	Demonstration Blocks	Demonstration Blocks	BOUNCE
255	Demonstration Blocks	Demonstration Blocks	BOUNCEXY
256	Demonstration Blocks	Demonstration Blocks	BPLATFORM
257	User-Defined Functions	User-Defined Functions	c_block
258	User-Defined Functions	User-Defined Functions	CBLOCK
259	User-Defined Functions	User-Defined Functions	CBLOCK4
260	User-Defined Functions	User-Defined Functions	DEBUG
261	User-Defined Functions	User-Defined Functions	EXPRESSION
262	User-Defined Functions	User-Defined Functions	fortran_block
263	User-Defined Functions	User-Defined Functions	generic_block3
264	User-Defined Functions	User-Defined Functions	MBLOCK
265	User-Defined Functions	Continuous time systems	PDE
266	User-Defined Functions	User-Defined Functions	scifunc_block_m
267	User-Defined Functions	Port & Subsystem	SUPER_f
