Block Name,P000,P000 Type,P000 Default,P001,P001 Type,P001 Default,P002,P002 Type,P002 Default,P003,P003 Type,P003 Default,P004,P004 Type,P004 Default,P005,P005 Type,P005 Default,P006,P006 Type,P006 Default,P007,P007 Type,P007 Default,P008,P008 Type,P008 Default,P009,P009 Type,P009 Default,P010,P010 Type,P010 Default,P011,P011 Type,P011 Default,P012,P012 Type,P012 Default,P013,P013 Type,P013 Default,P014,P014 Type,P014 Default,P015,P015 Type,P015 Default,P016,P016 Type,P016 Default,P017,P017 Type,P017 Default,P018,P018 Type,P018 Default,P019,P019 Type,P019 Default
ABS_VALUE,use zero crossing (0/1)?,boolean,1,,,,,,,,,,,,,,,,,,,,,,,,,,,,,,,,,,,,,,,,,,,,,,,,,,,,,,,,,
AFFICH_m,input size,vector of doubles,"[1,1]",Font number,double,1,Font size,double,1,Color,double,1,Total number of digits (>3),integer,5,Number of frational part digits,integer,1,"Inherit (0=no, 1=yes)",boolean,0,,,,,,,,,,,,,,,,,,,,,,,,,,,,,,,,,,,,,,,
ANDBLK,-,,,,,,,,,,,,,,,,,,,,,,,,,,,,,,,,,,,,,,,,,,,,,,,,,,,,,,,,,,,
ANDLOG_f,-,,,,,,,,,,,,,,,,,,,,,,,,,,,,,,,,,,,,,,,,,,,,,,,,,,,,,,,,,,,
AUTOMAT,Number(finite state) Mode,integer,2,Initial Mode,integer,1,Number of continuous timestates,integer,1,Continuous time states initial value,integer,0,Xproperties of continuous time states in each mode,vector of integers,[1;1],Jump from Mode 1:[..;M_final(Guard=In(1).i);..],integer,2,Jump from Mode 2:[..;M_final(Guard=In(1).i);..],integer,1,,,,,,,,,,,,,,,,,,,,,,,,,,,,,,,,,,,,,,,
Bache,Pressure at the reservoir surface : Patm (pa),double,101300,Reservoir section : A (m2),double,1,Altitude of input connection #1: ze1 (m),double,40,Altitude of input connection #2: ze2 (m),double,0,Altitude of outlet connection #1: zs1 (m),double,40,Altitude of outlet connection #2: zs2 (m),double,0,Starting fluid altitude : z0 (m),double,30,Initial fluid temperature : T0 (K),double,290,"If >0, fixed fluid density : p_rho (kg/m3)",double,0,,,,,,,,,,,,,,,,,,,,,,,,,,,,,,,,,
BACKLASH,Initial output,double,0,Gap,double,1,"Use zero crossing (0=no, 1=yes)",boolean,1,,,,,,,,,,,,,,,,,,,,,,,,,,,,,,,,,,,,,,,,,,,,,,,,,,,
BARXY,Xmin,double,-15,Xmax,double,15,Ymin,double,-15,Ymax,double,15,Segs Thickness,double,1,,,,,,,,,,,,,,,,,,,,,,,,,,,,,,,,,,,,,,,,,,,,,
BIGSOM_f,Inputs port sign/gain,vector of doubles,[1;1],,,,,,,,,,,,,,,,,,,,,,,,,,,,,,,,,,,,,,,,,,,,,,,,,,,,,,,,,
BITCLEAR,"Datatype (3=int32, 4=int16, 5=int8)",integer,3,Index of bit (0 is least significant),integer,0,,,,,,,,,,,,,,,,,,,,,,,,,,,,,,,,,,,,,,,,,,,,,,,,,,,,,,
BITSET,"Datatype (3=int32, 4=int16, 5=int8)",integer,3,Index of bit (0 is least significant),integer,0,,,,,,,,,,,,,,,,,,,,,,,,,,,,,,,,,,,,,,,,,,,,,,,,,,,,,,
BOUNCE,Mass,vector of doubles,[1;1;],Radius,vector of doubles,[1;1],"[xmin,xmax,ymin,ymax]",vector of doubles,[0;5;0;5],xpos,vector of doubles,[2;2.5],xdpos,vector of doubles,[0;0],ypos,vector of doubles,[3;5],ydpos,vector of doubles,[0;0],g(gravity),double,9.81,C(aerodynamic coeff),double,0,,,,,,,,,,,,,,,,,,,,,,,,,,,,,,,,,
BOUNCEXY,colors,vector of doubles,[1;2],radii,vector of doubles,[1;1],window number( -1 for automatic),double,-1,"animation mode(0,1)",double,1,Xmin,double,-5,Xmax,double,5,Ymin,double,0,Ymax,double,15,,,,,,,,,,,,,,,,,,,,,,,,,,,,,,,,,,,,
BPLATFORM,pendulum length,double,2,cart size (square side),double,2,slope,double,0,Xmin,double,-5,Xmax,double,5,Ymin,double,0,Ymax,double,15,,,,,,,,,,,,,,,,,,,,,,,,,,,,,,,,,,,,,,,
c_block,input ports sizes,double,1,output port sizes,double,1,System parameters vector,vector of doubles,[],function name,string,toto,,,,,,,,,,,,,,,,,,,,,,,,,,,,,,,,,,,,,,,,,,,,,,,,
CANIMXY,Number of curves,double,1,Curves styles: colors>0 | marks <0,double,-4,Curves thicknesses | marks sizes,double,1,Output window number,double,-1,Output window position,vector of doubles,[],Output window sizes,vector of doubles,[],Xmin,double,-15,Xmax,double,15,Ymin,double,-15,Ymax,double,15,Buffer size,double,2,,,,,,,,,,,,,,,,,,,,,,,,,,,
CANIMXY3D,Number of curves,double,1,color(>0) or mark(<0),double,1 2 3 4 5 6 7 13,line or mark size,double,1 1 1 1 1 1 1 1,Output window number,double,-1,Output window position,vector of doubles,[],Output window sizes,vector of doubles,[],Xmin and Xmax,double,-15 15,Ymin and Ymax,double,-15 15,Zmin and Zmax,double,-15 15,Alpha and Theta,double,50 280,Buffer size,double,2,,,,,,,,,,,,,,,,,,,,,,,,,,,
Capacitor,C(F),double,0.01,Initial Voltage,integer,0,,,,,,,,,,,,,,,,,,,,,,,,,,,,,,,,,,,,,,,,,,,,,,,,,,,,,,
CBLOCK,Simulation function,string,toto,"Is block implicit (y, n)",yesno,n,Input ports sizes,integer,1,Output ports sizes,integer,1,"Input event ports sizes ([], 1)",vector of integers,[],"Output events ports sizes ([], 1)",vector of integers,[],Initial continuous state,vector of integers,[],Number of zero-crossings,integer,0,Initial discrete state,vector of integers,[],Real parameters vector,vector of doubles,[],Integer parameters vector,vector of integers,[],Initial firing vector (<0 for no firing),vector of integers,[],"Direct feedthrough (y, n)",yesno,y,"Time dependence (y, n)",yesno,n,,,,,,,,,,,,,,,,,,
CBLOCK4,Simulation function,string,toto,"Is block implicit (y, n)",yesno,n,Input ports sizes,vector of integers,"[1,1]",Input ports type,integer,1,Output ports sizes,vector of integers,"[1,1]",Output ports type,integer,1,"Input event ports sizes ([], 1)",vector of integers,[],"Output events ports sizes ([], 1)",vector of integers,[],Initial continuous state,vector of doubles,[],Initial discrete state,vector of doubles,[],Initial object state,string,list(),Real parameters vector,vector of doubles,[],Integer parameters vector,vector of integers,[],Object paramters list,string,list(),Number of modes,integer,0,Number of zero-crossings,integer,0,Initial firing vector (<0 for no firing),vector of integers,[],"Direct feedthrough (y, n)",yesno,y,"Time dependence (y, n)",yesno,n,,,
CCS,-,,,,,,,,,,,,,,,,,,,,,,,,,,,,,,,,,,,,,,,,,,,,,,,,,,,,,,,,,,,
CEVENTSCOPE,Number of event inputs,integer,1,color(>0) or mark(<0),integer,1,Output window number,integer,-1,Output window position,vector of integers,[],Output window size,vector of integers,[600;400],Refresh period,integer,30,,,,,,,,,,,,,,,,,,,,,,,,,,,,,,,,,,,,,,,,,,
CFSCOPE,Curves style: colors>0 | marks<0,vector of integers,1 3 5 7 9 11 13 15,Output window number,integer,-1,Output window position,vector of doubles,[],Output window sizes,vector of doubles,[600;400],Ymin,double,-15,Ymax,double,15,Refresh period,double,30,Buffer size,double,2,Links to view,double,1,,,,,,,,,,,,,,,,,,,,,,,,,,,,,,,,,
CLINDUMMY_f,,,,,,,,,,,,,,,,,,,,,,,,,,,,,,,,,,,,,,,,,,,,,,,,,,,,,,,,,,,,
CLKFROM,Tag,string,A,,,,,,,,,,,,,,,,,,,,,,,,,,,,,,,,,,,,,,,,,,,,,,,,,,,,,,,,,
CLKGOTO,Tag,string,A,"Tag Visibility(1=Local, 2=Scoped, 3=Global)",integer,1,,,,,,,,,,,,,,,,,,,,,,,,,,,,,,,,,,,,,,,,,,,,,,,,,,,,,,
CLKGotoTagVisibility,GoToTag,string,A,,,,,,,,,,,,,,,,,,,,,,,,,,,,,,,,,,,,,,,,,,,,,,,,,,,,,,,,,
CLKINV_f,Port Number,double,1,,,,,,,,,,,,,,,,,,,,,,,,,,,,,,,,,,,,,,,,,,,,,,,,,,,,,,,,,
CLKOUTV_f,Port Number,integer,1,,,,,,,,,,,,,,,,,,,,,,,,,,,,,,,,,,,,,,,,,,,,,,,,,,,,,,,,,
CLKSOMV_f,-,,,,,,,,,,,,,,,,,,,,,,,,,,,,,,,,,,,,,,,,,,,,,,,,,,,,,,,,,,,
CLOCK_c,Period,double,0.1,Initialisation Time,double,0.1,,,,,,,,,,,,,,,,,,,,,,,,,,,,,,,,,,,,,,,,,,,,,,,,,,,,,,
CLR,Numerator,double,1,Denominator,double,1+s,,,,,,,,,,,,,,,,,,,,,,,,,,,,,,,,,,,,,,,,,,,,,,,,,,,,,,
CLSS,A matrix,double,-1,B matrix,double,1,C matrix,double,1,D matrix,double,0,initial state,double,0,,,,,,,,,,,,,,,,,,,,,,,,,,,,,,,,,,,,,,,,,,,,,
CMAT3D,Bounds vector X,double,-1,Bounds vector Y,double,-1,ColorMap,vector of integers,jetcolormap(25),Zmin,double,0,Zmax,double,100,,,,,,,,,,,,,,,,,,,,,,,,,,,,,,,,,,,,,,,,,,,,,
CMATVIEW,ColorMap,vector of integers,jetcolormap(25),Minimum level range,double,0,Maximum level range,double,100,,,,,,,,,,,,,,,,,,,,,,,,,,,,,,,,,,,,,,,,,,,,,,,,,,,
CMSCOPE,Input ports size,vector of doubles,1 1,Drawing colors or mark,vector of doubles,1 3 5 7 9 11 13 15,Output window number,double,-1,Output window position,vector of doubles,[],Output window sizes,vector of doubles,[],Ymin vector,double,-1 -5,Ymax vector,double,1 5,Refresh Period,double,30 30,Buffer size,double,20,Accept herited events,boolean,0,Name of scope,string,Empty,,,,,,,,,,,,,,,,,,,,,,,,,,,
CONST,Constant,double,1,,,,,,,,,,,,,,,,,,,,,,,,,,,,,,,,,,,,,,,,,,,,,,,,,,,,,,,,,
CONST_f,Constant,double,1,,,,,,,,,,,,,,,,,,,,,,,,,,,,,,,,,,,,,,,,,,,,,,,,,,,,,,,,,
CONST_m,Constant value,double,1,,,,,,,,,,,,,,,,,,,,,,,,,,,,,,,,,,,,,,,,,,,,,,,,,,,,,,,,,
ConstantVoltage,V(volt),double,0.01,,,,,,,,,,,,,,,,,,,,,,,,,,,,,,,,,,,,,,,,,,,,,,,,,,,,,,,,,
CONSTRAINT_c,Initial guess values,double,0,,,,,,,,,,,,,,,,,,,,,,,,,,,,,,,,,,,,,,,,,,,,,,,,,,,,,,,,,
CONSTRAINT2_c,Initial guess values of state x,double,0,Initial guess values of derivative x',double,0,"Id(i)=1: If x'(i) is present in the feedback, else Id(i)=0",boolean,0,,,,,,,,,,,,,,,,,,,,,,,,,,,,,,,,,,,,,,,,,,,,,,,,,,,
CONVERT,"Input type (1:double, 3:int32, 4:int16, 5:int8,..)",integer,1,"Output type  (1:double, 3:int32, 4:int16, 5:int8,..)",integer,3,"Do on overflow( 0:Nothing, 1:Saturate, 2:Error)",integer,0,,,,,,,,,,,,,,,,,,,,,,,,,,,,,,,,,,,,,,,,,,,,,,,,,,,
COSBLK_f,-,,,,,,,,,,,,,,,,,,,,,,,,,,,,,,,,,,,,,,,,,,,,,,,,,,,,,,,,,,,
Counter,Minimum,double,0,Maximum,double,2,"Rule( 1:increment, 2:Decrement)",integer,1,,,,,,,,,,,,,,,,,,,,,,,,,,,,,,,,,,,,,,,,,,,,,,,,,,,
CSCOPE,Color(>0) or mark(<0)vector(8 entries),vector of doubles,1 3 5 7 9 11 13 15,Output window number,double,-1,Output window position,vector of doubles,[],Output window sizes,vector of doubles,[600;400],Ymin,double,-15,Ymax,double,15,Refresh period,double,30,Buffer size,double,20,Accept herited events 0/1,boolean,0,Name of scope,string,Empty,,,,,,,,,,,,,,,,,,,,,,,,,,,,,,
CSCOPXY,Number of curves,double,1,color(>0) or mark(<0),double,4,line or mark size,double,1,Output window number,double,-1,Output window position,vector of doubles,[],Output window size,vector of doubles,[600;400],Xmin,double,-15,Xmax,double,15,Ymin,double,-15,Ymax,double,15,Buffer size,double,2,,,,,,,,,,,,,,,,,,,,,,,,,,,
CSCOPXY3D,Number of curves,double,1,color(>0) or mark(<0),double,1 2 3 4 5 6 7 13,line or mark size,double,1 1 1 1 1 1 1 1,Output window number,double,-1,Output window position,vector of doubles,[],Output window size,vector of doubles,[600;400],Xmin and Xmax,double,-15 15,Ymin and Ymax,double,-15 15,Zmin and Zmax,double,-15 15,Alpha and Theta,double,50 280,Buffer size,double,2,,,,,,,,,,,,,,,,,,,,,,,,,,,
CUMSUM,"Datatype (1=real double, 2=complex)",integer,1,"Sum along (0=the first non singleton dimension, 1=rows, 2=columns)  ",integer,0,,,,,,,,,,,,,,,,,,,,,,,,,,,,,,,,,,,,,,,,,,,,,,,,,,,,,,
CurrentSensor,-,,,,,,,,,,,,,,,,,,,,,,,,,,,,,,,,,,,,,,,,,,,,,,,,,,,,,,,,,,,
CURV_f,xmin,double,,xmax,double,,ymin,double,,ymax,double,,,,,,,,,,,,,,,,,,,,,,,,,,,,,,,,,,,,,,,,,,,,,,,,,
CVS,-,,,,,,,,,,,,,,,,,,,,,,,,,,,,,,,,,,,,,,,,,,,,,,,,,,,,,,,,,,,
DEADBAND,End of dead band,double,0.5,Start of dead band,double,-0.5,"zero crossing (0:no, 1:yes)",boolean,1,,,,,,,,,,,,,,,,,,,,,,,,,,,,,,,,,,,,,,,,,,,,,,,,,,,
DEBUG,"Enter scilab instructions for debugging. Inputs are block and flag, output is block",string,"xcos_debug_gui(flag,block);",,,,,,,,,,,,,,,,,,,,,,,,,,,,,,,,,,,,,,,,,,,,,,,,,,,,,,,,,
DELAY_f,Discretization time step,double,0.1,Register initial state,vector of integers,0;0;0;0;0;0;0;0;0;0,,,,,,,,,,,,,,,,,,,,,,,,,,,,,,,,,,,,,,,,,,,,,,,,,,,,,,
DELAYV_f,Number of inputs,integer,1,Register initial condition,vector of integers,0;0;0;0;0;0;0;0;0;0,Max delay,integer,1,,,,,,,,,,,,,,,,,,,,,,,,,,,,,,,,,,,,,,,,,,,,,,,,,,,
DEMUX,number of output ports or vector of sizes,integer,2,,,,,,,,,,,,,,,,,,,,,,,,,,,,,,,,,,,,,,,,,,,,,,,,,,,,,,,,,
DEMUX_f,number of output ports or vector of sizes,integer,2,,,,,,,,,,,,,,,,,,,,,,,,,,,,,,,,,,,,,,,,,,,,,,,,,,,,,,,,,
DERIV,-,,,,,,,,,,,,,,,,,,,,,,,,,,,,,,,,,,,,,,,,,,,,,,,,,,,,,,,,,,,
DFLIPFLOP,-,,,,,,,,,,,,,,,,,,,,,,,,,,,,,,,,,,,,,,,,,,,,,,,,,,,,,,,,,,,
DIFF_f,Initial state,double,0,Initial Derivative,double,0,,,,,,,,,,,,,,,,,,,,,,,,,,,,,,,,,,,,,,,,,,,,,,,,,,,,,,
Diode,Saturation current (A),double,0.000001,Voltage equivalent to temperature (Volt),double,0.04,Max exponent for linear continuation,double,15,R (ohm),double,100000000,,,,,,,,,,,,,,,,,,,,,,,,,,,,,,,,,,,,,,,,,,,,,,,,
DLATCH,-,,,,,,,,,,,,,,,,,,,,,,,,,,,,,,,,,,,,,,,,,,,,,,,,,,,,,,,,,,,
DLR,Numerator (z),double,1,Denominator (z),double,1+z,,,,,,,,,,,,,,,,,,,,,,,,,,,,,,,,,,,,,,,,,,,,,,,,,,,,,,
DLRADAPT_f,Vector of p mesh points,vector of integers,[0;1],Numerator roots (one line for each mesh),vector of integers,[],Denominator roots (one line for each mesh),vector of integers,"[0.2+%i*0.8,0.2-%i*0.8;0.3+%i*0.7,0.3-%i*0.7]",Vector of gain at mesh points,vector of integers,[1;1],past inputs (Num degree values),vector of integers,[],past outputs (Den degree values),vector of integers,[0;0],,,,,,,,,,,,,,,,,,,,,,,,,,,,,,,,,,,,,,,,,,
DLSS,A matrix,integer,-1,B matrix,integer,1,C matrix,integer,1,D matrix,integer,0,Initial state,integer,0,,,,,,,,,,,,,,,,,,,,,,,,,,,,,,,,,,,,,,,,,,,,,
DOLLAR,initial condition,integer,0,"Inherit (no:0, yes:1)",boolean,0,,,,,,,,,,,,,,,,,,,,,,,,,,,,,,,,,,,,,,,,,,,,,,,,,,,,,,
DOLLAR_f,initial condition,integer,0,"Inherit (no:0, yes:1)",boolean,0,,,,,,,,,,,,,,,,,,,,,,,,,,,,,,,,,,,,,,,,,,,,,,,,,,,,,,
DOLLAR_m,initial condition,integer,0,"Inherit (no:0, yes:1)",boolean,0,,,,,,,,,,,,,,,,,,,,,,,,,,,,,,,,,,,,,,,,,,,,,,,,,,,,,,
EDGE_TRIGGER,"rising(1), falling(-1), both(0)",integer,0,,,,,,,,,,,,,,,,,,,,,,,,,,,,,,,,,,,,,,,,,,,,,,,,,,,,,,,,,
END_c,Final simulation time,double,100000000,,,,,,,,,,,,,,,,,,,,,,,,,,,,,,,,,,,,,,,,,,,,,,,,,,,,,,,,,
ENDBLK,Final simulation time,double,1.00E+08,,,,,,,,,,,,,,,,,,,,,,,,,,,,,,,,,,,,,,,,,,,,,,,,,,,,,,,,,
ESELECT_f,Number of output event ports,integer,2,"Inherit (0=yes, 1=no)",boolean,1,"Use zero-crossing (0=no, 1=yes)",boolean,0,,,,,,,,,,,,,,,,,,,,,,,,,,,,,,,,,,,,,,,,,,,,,,,,,,,
EVTDLY_c,Delay,double,0.1,Date of initial output event,integer,0,,,,,,,,,,,,,,,,,,,,,,,,,,,,,,,,,,,,,,,,,,,,,,,,,,,,,,
EVTGEN_f,Event Time,integer,0,,,,,,,,,,,,,,,,,,,,,,,,,,,,,,,,,,,,,,,,,,,,,,,,,,,,,,,,,
EVTVARDLY,Initial event firing time (<0 if absent),integer,-1,,,,,,,,,,,,,,,,,,,,,,,,,,,,,,,,,,,,,,,,,,,,,,,,,,,,,,,,,
EXPBLK_m,a (>0),double,%e,,,,,,,,,,,,,,,,,,,,,,,,,,,,,,,,,,,,,,,,,,,,,,,,,,,,,,,,,
EXPRESSION,number of inputs,integer,2,scilab expression,string,(u1>0)*sin(u2)^2,"use zero-crossing (0:no, 1 yes)",integer,1,,,,,,,,,,,,,,,,,,,,,,,,,,,,,,,,,,,,,,,,,,,,,,,,,,,
EXTRACT,Datatype (1=real double 2=Complex),integer,1,Lines to extract,vector of integers,1,Columns to extract,vector of integers,1,,,,,,,,,,,,,,,,,,,,,,,,,,,,,,,,,,,,,,,,,,,,,,,,,,,
Extract_Activation,,,,,,,,,,,,,,,,,,,,,,,,,,,,,,,,,,,,,,,,,,,,,,,,,,,,,,,,,,,,
EXTRACTBITS,"Data Type (3:int32, 4:int16, 5:int8, ...)",integer,3,Bits to extract,integer,1,Number of Bits or Index of Bit,vector of integers,0,"Treat Bit Field as an Integer (0:No, 1:Yes)",boolean,0,,,,,,,,,,,,,,,,,,,,,,,,,,,,,,,,,,,,,,,,,,,,,,,,
EXTRACTOR,indices to extract,double,1,,,,,,,,,,,,,,,,,,,,,,,,,,,,,,,,,,,,,,,,,,,,,,,,,,,,,,,,,
EXTTRI,Datatype (1=real double 2=Complex),integer,1,extraction type (1=lower 2=upper 3=diagonal),integer,1,,,,,,,,,,,,,,,,,,,,,,,,,,,,,,,,,,,,,,,,,,,,,,,,,,,,,,
Flowmeter,,,,,,,,,,,,,,,,,,,,,,,,,,,,,,,,,,,,,,,,,,,,,,,,,,,,,,,,,,,,
fortran_block,input ports sizes,double,1,output port sizes,double,1,System parameters vector,vector of doubles,[],function name,string,forty,,,,,,,,,,,,,,,,,,,,,,,,,,,,,,,,,,,,,,,,,,,,,,,,
freq_div,Phase (0 to division factor -1),integer,0,Division factor,integer,3,,,,,,,,,,,,,,,,,,,,,,,,,,,,,,,,,,,,,,,,,,,,,,,,,,,,,,
FROM,Tag,string,A,,,,,,,,,,,,,,,,,,,,,,,,,,,,,,,,,,,,,,,,,,,,,,,,,,,,,,,,,
FROMMO,Tag,string,A,,,,,,,,,,,,,,,,,,,,,,,,,,,,,,,,,,,,,,,,,,,,,,,,,,,,,,,,,
FROMWSB,Variable name,string,V,Interpolation Method,integer,1,"Enable zero crossing (0:No, 1:Yes)?",boolean,1,"Output at end (0:Zero, 1:Hold, 2:Repeat)",integer,0,,,,,,,,,,,,,,,,,,,,,,,,,,,,,,,,,,,,,,,,,,,,,,,,
GAIN_f,Gain,double,1,,,,,,,,,,,,,,,,,,,,,,,,,,,,,,,,,,,,,,,,,,,,,,,,,,,,,,,,,
GAINBLK,Gain,double,1,Do On Overflow (0=Nothing 1=Saturate 2=Error),integer,0,,,,,,,,,,,,,,,,,,,,,,,,,,,,,,,,,,,,,,,,,,,,,,,,,,,,,,
GAINBLK_f,Gain,double,1,,,,,,,,,,,,,,,,,,,,,,,,,,,,,,,,,,,,,,,,,,,,,,,,,,,,,,,,,
GENERAL_f,Input size,integer,1,Number of event output,integer,1,,,,,,,,,,,,,,,,,,,,,,,,,,,,,,,,,,,,,,,,,,,,,,,,,,,,,,
generic_block3,Simulation function,string,sinblk,"Function type (0,1,2,..)",double,4,Input ports sizes,vector of doubles,"[1,1]",Input ports type,double,1,Output port sizes,vector of doubles,"[1,1]",Output ports type,double,1,Input event ports sizes,vector of doubles,[],Output events ports sizes,vector of doubles,[],Initial continuous state,vector of doubles,[],Initial discrete state,vector of doubles,[],Initial object state,vector of doubles,list(),Real parameters vector,vector of doubles,[],Integer parameters vector,vector of doubles,[],Object parameters list,vector of doubles,list(),Number of modes,double,0,Number of zero crossings,double,0,Initial firing vector (<0 for no firing),double,[],Direct feedthrough (y or n),yesno,y,Time dependence (y or n),yesno,n,,,
GENSIN_f,Magnitude,double,1,Frequency (rad/s),double,1,Phase (rad),double,0,,,,,,,,,,,,,,,,,,,,,,,,,,,,,,,,,,,,,,,,,,,,,,,,,,,
GENSQR_f,Amplitude,double,1,,,,,,,,,,,,,,,,,,,,,,,,,,,,,,,,,,,,,,,,,,,,,,,,,,,,,,,,,
GOTO,Tag,string,A,Tag Visibility (1=Local 2=scoped 3=global),integer,1,,,,,,,,,,,,,,,,,,,,,,,,,,,,,,,,,,,,,,,,,,,,,,,,,,,,,,
GOTOMO,Tag,string,A,Tag Visibility (1=Local 2=scoped 3=global),integer,1,,,,,,,,,,,,,,,,,,,,,,,,,,,,,,,,,,,,,,,,,,,,,,,,,,,,,,
GotoTagVisibility,GotoTag,string,A,,,,,,,,,,,,,,,,,,,,,,,,,,,,,,,,,,,,,,,,,,,,,,,,,,,,,,,,,
GotoTagVisibilityMO,GotoTag,string,A,,,,,,,,,,,,,,,,,,,,,,,,,,,,,,,,,,,,,,,,,,,,,,,,,,,,,,,,,
Ground,-,,,,,,,,,,,,,,,,,,,,,,,,,,,,,,,,,,,,,,,,,,,,,,,,,,,,,,,,,,,
Gyrator,G1,double,1,G2,double,1,,,,,,,,,,,,,,,,,,,,,,,,,,,,,,,,,,,,,,,,,,,,,,,,,,,,,,
HALT_f,State on halt,integer,0,,,,,,,,,,,,,,,,,,,,,,,,,,,,,,,,,,,,,,,,,,,,,,,,,,,,,,,,,
HYSTHERESIS,switch on at,integer,1,switch off at,integer,0,output when on,integer,1,output when off,integer,0,use zero crossing,boolean,1,,,,,,,,,,,,,,,,,,,,,,,,,,,,,,,,,,,,,,,,,,,,,
IdealTransformer,N,double,1,,,,,,,,,,,,,,,,,,,,,,,,,,,,,,,,,,,,,,,,,,,,,,,,,,,,,,,,,
IFTHEL_f,"Inherit (0=yes, 1=no)",boolean,1,"Use zero-crossing (0=no, 1=yes)",boolean,1,,,,,,,,,,,,,,,,,,,,,,,,,,,,,,,,,,,,,,,,,,,,,,,,,,,,,,
IN_f,Port number,integer,1,"Output size ([-1,-2] for inherit)",vector of doubles,[-1 -2],Output type (-1 for inherit),double,-1,,,,,,,,,,,,,,,,,,,,,,,,,,,,,,,,,,,,,,,,,,,,,,,,,,,
Inductor,L(H),double,0.00001,,,,,,,,,,,,,,,,,,,,,,,,,,,,,,,,,,,,,,,,,,,,,,,,,,,,,,,,,
INIMPL_f,Port Number,integer,1,,,,,,,,,,,,,,,,,,,,,,,,,,,,,,,,,,,,,,,,,,,,,,,,,,,,,,,,,
INTEGRAL_f,Initial state,double,0,,,,,,,,,,,,,,,,,,,,,,,,,,,,,,,,,,,,,,,,,,,,,,,,,,,,,,,,,
INTEGRAL_m,Initial condition,double,0,with re-initialization,boolean,0,with saturation,boolean,0,Upper limit,double,1,Lower limit,double,-1,,,,,,,,,,,,,,,,,,,,,,,,,,,,,,,,,,,,,,,,,,,,,
INTMUL,"Data Type (3:int32, 4:int16, 5:int8,..)",integer,3,"Do on Overflow (0:Nothing, 1:Saturate, 2:Error)",integer,0,,,,,,,,,,,,,,,,,,,,,,,,,,,,,,,,,,,,,,,,,,,,,,,,,,,,,,
INTRP2BLK_f,X coord,vector of integers,[0;1],Y coord,vector of integers,[0;1],Z values,vector of integers,"[0,1;1,2]",,,,,,,,,,,,,,,,,,,,,,,,,,,,,,,,,,,,,,,,,,,,,,,,,,,
INTRPLBLK_f,X coord,vector of integers,[0;1],Y coord,vector of integers,[0;1],,,,,,,,,,,,,,,,,,,,,,,,,,,,,,,,,,,,,,,,,,,,,,,,,,,,,,
INVBLK,error on divide by zero (1:yes) (0:no),double,1,,,,,,,,,,,,,,,,,,,,,,,,,,,,,,,,,,,,,,,,,,,,,,,,,,,,,,,,,
ISELECT_m,Datatype (1=real double 2=Complex 3=int32...),double,1,number of outputs,double,2,initial connected output,integer,1,,,,,,,,,,,,,,,,,,,,,,,,,,,,,,,,,,,,,,,,,,,,,,,,,,,
JKFLIPFLOP,Initial Value,string,int8(0),,,,,,,,,,,,,,,,,,,,,,,,,,,,,,,,,,,,,,,,,,,,,,,,,,,,,,,,,
LOGBLK_f,Basis(>1),double,%e,,,,,,,,,,,,,,,,,,,,,,,,,,,,,,,,,,,,,,,,,,,,,,,,,,,,,,,,,
LOGIC,Truth Table (matrix of outputs),vector of integers,[0;0;0;1],"Accepts Inherited Events (0:No, 1:Yes)",boolean,0,,,,,,,,,,,,,,,,,,,,,,,,,,,,,,,,,,,,,,,,,,,,,,,,,,,,,,
LOGICAL_OP,Number of inputs,integer,2,"Operator code (0=AND, 1=OR, 2=NAND, 3=NOR, 4=XOR, 5=NOT)",integer,0,"Datatype (1=double, 3=int32)",double,1,"Bitwise rule (0=no, 1=yes)",boolean,0,,,,,,,,,,,,,,,,,,,,,,,,,,,,,,,,,,,,,,,,,,,,,,,,
LOOKUP_f,xmin,double,-2.4,xmax,double,2.4,ymin,double,-1.2,ymax,double,1.2,,,,,,,,,,,,,,,,,,,,,,,,,,,,,,,,,,,,,,,,,,,,,,,,
M_freq,Sample time,vector of doubles,[1;2],Offset,vector of doubles,[0;0],,,,,,,,,,,,,,,,,,,,,,,,,,,,,,,,,,,,,,,,,,,,,,,,,,,,,,
M_SWITCH,number of inputs,double,2,"zero base indexing (0), otherwise 1",boolean,1,"rounding rule : int(0),round (1), ceil (2), floor (3)  ",integer,3,,,,,,,,,,,,,,,,,,,,,,,,,,,,,,,,,,,,,,,,,,,,,,,,,,,
MATBKSL,"Datatype (1=real double, 2=complex)",integer,1,,,,,,,,,,,,,,,,,,,,,,,,,,,,,,,,,,,,,,,,,,,,,,,,,,,,,,,,,
MATCATH,number of inputs,integer,2,,,,,,,,,,,,,,,,,,,,,,,,,,,,,,,,,,,,,,,,,,,,,,,,,,,,,,,,,
MATCATV,number of inputs,integer,2,,,,,,,,,,,,,,,,,,,,,,,,,,,,,,,,,,,,,,,,,,,,,,,,,,,,,,,,,
MATDET,"Datatype (1=real double, 2=complex)",integer,1,,,,,,,,,,,,,,,,,,,,,,,,,,,,,,,,,,,,,,,,,,,,,,,,,,,,,,,,,
MATDIAG,"Datatype (1=real double, 2=complex)",integer,1,,,,,,,,,,,,,,,,,,,,,,,,,,,,,,,,,,,,,,,,,,,,,,,,,,,,,,,,,
MATDIV,"Datatype (1=real double, 2=complex)",integer,1,,,,,,,,,,,,,,,,,,,,,,,,,,,,,,,,,,,,,,,,,,,,,,,,,,,,,,,,,
MATEIG,"Datatype (1=real double, 2=complex)",integer,1,"Decomposition type (1=eig values, 2=eig values+eig vectors)",integer,1,,,,,,,,,,,,,,,,,,,,,,,,,,,,,,,,,,,,,,,,,,,,,,,,,,,,,,
MATEXPM,"Datatype (1=real double, 2=complex)",integer,1,,,,,,,,,,,,,,,,,,,,,,,,,,,,,,,,,,,,,,,,,,,,,,,,,,,,,,,,,
MATINV,"Datatype (1=real double, 2=complex)",integer,1,,,,,,,,,,,,,,,,,,,,,,,,,,,,,,,,,,,,,,,,,,,,,,,,,,,,,,,,,
MATLU,"Datatype (1=real double, 2=complex)",integer,1,,,,,,,,,,,,,,,,,,,,,,,,,,,,,,,,,,,,,,,,,,,,,,,,,,,,,,,,,
MATMAGPHI,decomposition type (1=Complex2MAG&PHI 2=MAG&PHI2Complex),integer,1,,,,,,,,,,,,,,,,,,,,,,,,,,,,,,,,,,,,,,,,,,,,,,,,,,,,,,,,,
MATMUL,"Datatype (1=real double, 2=complex, 3=int32)",integer,1,"Multiplication rule (1, 2, 3)",integer,1,"Do on overflow (0=nothing, 1=saturate, 2=error)",integer,1,,,,,,,,,,,,,,,,,,,,,,,,,,,,,,,,,,,,,,,,,,,,,,,,,,,
MATPINV,"Datatype (1=real double, 2=complex)",integer,1,,,,,,,,,,,,,,,,,,,,,,,,,,,,,,,,,,,,,,,,,,,,,,,,,,,,,,,,,
MATRESH,"Datatype (1=real double, 2=complex)",integer,1,Input size,vector of integers,"[1,1]",Output size desired,vector of integers,"[1,1]",,,,,,,,,,,,,,,,,,,,,,,,,,,,,,,,,,,,,,,,,,,,,,,,,,,
MATSING,"Datatype (1=real double, 2=complex)",integer,1,"Decomposition type (1=singular values, 2=sing values+matrix U & V)",integer,1,,,,,,,,,,,,,,,,,,,,,,,,,,,,,,,,,,,,,,,,,,,,,,,,,,,,,,
MATSUM,"Datatype (1=real double, 2=complex)",integer,1,"Sum along (0=all, 1=lines, 2=columns)",integer,0,,,,,,,,,,,,,,,,,,,,,,,,,,,,,,,,,,,,,,,,,,,,,,,,,,,,,,
MATTRAN,"Datatype (1=real double, 2=complex)",integer,1,"Rule (1=.', 2=')",integer,1,,,,,,,,,,,,,,,,,,,,,,,,,,,,,,,,,,,,,,,,,,,,,,,,,,,,,,
MATZCONJ,,,,,,,,,,,,,,,,,,,,,,,,,,,,,,,,,,,,,,,,,,,,,,,,,,,,,,,,,,,,
MATZREIM,decomposition type (1=Complex2Real&Imag 2=Real&Imag2Complex),integer,1,,,,,,,,,,,,,,,,,,,,,,,,,,,,,,,,,,,,,,,,,,,,,,,,,,,,,,,,,
MAX_f,-,,,,,,,,,,,,,,,,,,,,,,,,,,,,,,,,,,,,,,,,,,,,,,,,,,,,,,,,,,,
MAXMIN,"(1=min, 2=max)",integer,2,"Number of input vectors (1, 2)",integer,2,"Use zero-crossing (0=no, 1=yes)",boolean,1,,,,,,,,,,,,,,,,,,,,,,,,,,,,,,,,,,,,,,,,,,,,,,,,,,,
MBLOCK,,,,,,,,,,,,,,,,,,,,,,,,,,,,,,,,,,,,,,,,,,,,,,,,,,,,,,,,,,,,
MCLOCK_f,basic period (1/f),double,0.1,multiply by (n),integer,2,,,,,,,,,,,,,,,,,,,,,,,,,,,,,,,,,,,,,,,,,,,,,,,,,,,,,,
MFCLCK_f,basic period (1/f),double,0.1,multiply by (n),integer,2,,,,,,,,,,,,,,,,,,,,,,,,,,,,,,,,,,,,,,,,,,,,,,,,,,,,,,
MIN_f,-,,,,,,,,,,,,,,,,,,,,,,,,,,,,,,,,,,,,,,,,,,,,,,,,,,,,,,,,,,,
Modulo_Count,Initial State (zero or positive number),double,0,Upper Limit (positive number),double,3,,,,,,,,,,,,,,,,,,,,,,,,,,,,,,,,,,,,,,,,,,,,,,,,,,,,,,
MUX,number of input ports or vector of sizes,integer,2,,,,,,,,,,,,,,,,,,,,,,,,,,,,,,,,,,,,,,,,,,,,,,,,,,,,,,,,,
MUX_f,number of input ports or vector of sizes,double,2,,,,,,,,,,,,,,,,,,,,,,,,,,,,,,,,,,,,,,,,,,,,,,,,,,,,,,,,,
NEGTOPOS_f,-,,,,,,,,,,,,,,,,,,,,,,,,,,,,,,,,,,,,,,,,,,,,,,,,,,,,,,,,,,,
NMOS,Width [m],double,0.00002,Length [m],double,0.000006,Transconductance parameter [A/(V*V)],double,0.000041,Zero bias threshold voltage [V],double,0.8,Bulk threshold parameter,double,1.144,Reduction of pinch-off region,double,0.7311,Narrowing of channel [m],double,-0.0000025,Shortening of channel [m],double,-0.0000015,Drain-Source-Resistance [Ohm],double,10000000,,,,,,,,,,,,,,,,,,,,,,,,,,,,,,,,,
NPN,Bf : Forward beta,double,50,Br : Reverse beta,double,0.1,ls : Transport saturation current,double,1.00E-16,"Vak : Early voltage (inverse), 1/Volt",double,0.02,Tauf : Ideal forward transit time,double,1.20E-10,Taur : Ideal reverse transit time,double,5.00E-09,Ccs : Collector-substrat (ground) cap.,double,1.00E-12,Cje : Base-emitter zero bias depletion cap.,double,4.00E-13,Cjc : Base coll. zero bias depletion cap.,double,5.00E-13,Phie : Base-emitter diffusion voltage,double,0.8,Me : Base emmiter gradation exponent,double,0.4,Phic : Base collector diffusion voltage,double,0.8,Mc : Base-collector gradation exponent,double,0.33,Gbc : Base collector conductance,double,1.00E-15,Gbe : Base emitter conductance,double,1.00E-15,Vt : Voltage equivalent of temperature,double,0.02585,"EminMax : If x> EminMax, the exp(x) function is linearized",double,40,,,,,,,,,
NRMSOM_f,number of inputs,double,2,,,,,,,,,,,,,,,,,,,,,,,,,,,,,,,,,,,,,,,,,,,,,,,,,,,,,,,,,
OpAmp,-,,,,,,,,,,,,,,,,,,,,,,,,,,,,,,,,,,,,,,,,,,,,,,,,,,,,,,,,,,,
OUT_f,Port number,double,1,,,,,,,,,,,,,,,,,,,,,,,,,,,,,,,,,,,,,,,,,,,,,,,,,,,,,,,,,
OUTIMPL_f,Port number,double,1,,,,,,,,,,,,,,,,,,,,,,,,,,,,,,,,,,,,,,,,,,,,,,,,,,,,,,,,,
PDE,,,,,,,,,,,,,,,,,,,,,,,,,,,,,,,,,,,,,,,,,,,,,,,,,,,,,,,,,,,,
PerteDP,Tube length: L (m),double,10,Internal tube diameter: D (m),double,0.2,Coefficient of pressure loss-friction (S.U): lambda,double,0.03,Pipe inlet altitude: z1 (m),double,0,Pipe outlet altitude: z2 (m),double,0,"If> 0, imposed density fu fluid: p_rho (kg / m3)",double,0,,,,,,,,,,,,,,,,,,,,,,,,,,,,,,,,,,,,,,,,,,
PID,Proportional,double,1,Integral,double,1,Derivation,double,1,,,,,,,,,,,,,,,,,,,,,,,,,,,,,,,,,,,,,,,,,,,,,,,,,,,
PMOS,Width[m],double,0.00005,Length [m],double,0.000006,Transconductance parameter [ A/(V*V) ],double,0.0000105,Zero bias threshold voltage [V],double,-1,Bulk threshold parameter,double,0.41,Reduction of pinch-off region,double,0.839,Narrowing of channel,double,-0.0000025,Shortening of channel,double,-0.0000021,Drain source resistance(ohm),double,10000000,,,,,,,,,,,,,,,,,,,,,,,,,,,,,,,,,
PNP,Bf : Forward beta,double,50,Br ; Reverse beta,double,0.1,Is : Transport saturation current,double,1.00E-16,Vak : Early Voltage(inverse),double,0.02,Tauf : Ideal forward transit time,double,1.20E-10,Taur : Ideal reverse transit time,double,5.00E-09,Ccs : Collector substract cap,double,1.00E-12,Cje : Base emitter zero bias depletion cap,double,4.00E-13,Cjc : Base-coll zero bias depletion cap,double,5.00E-13,Phie : Base-emitter diffusion voltage,double,0.8,Me : Base emmiter gradation exponent,double,0.4,Phic : Base collector diffusion voltage,double,0.8,Mc : Base-collector gradation exponent,double,0.333,Gbc : Base collector conductance,double,1.00E-15,Gbe : Base emitter conductance,double,1.00E-15,Vt : Voltage equivalent of temperature,double,0.02585,"EminMax : If x> EminMax, the exp(x) function is linearized",double,40,,,,,,,,,
POSTONEG_f,-,,,,,,,,,,,,,,,,,,,,,,,,,,,,,,,,,,,,,,,,,,,,,,,,,,,,,,,,,,,
PotentialSensor,-,,,,,,,,,,,,,,,,,,,,,,,,,,,,,,,,,,,,,,,,,,,,,,,,,,,,,,,,,,,
POWBLK_f,to the power of,double,1.5,,,,,,,,,,,,,,,,,,,,,,,,,,,,,,,,,,,,,,,,,,,,,,,,,,,,,,,,,
PROD_f,-,,,,,,,,,,,,,,,,,,,,,,,,,,,,,,,,,,,,,,,,,,,,,,,,,,,,,,,,,,,
PRODUCT,Number of inputs or sign vector,vector of integers,[1;-1],"Error on divide by zero (0=no, 1=yes)",boolean,1,,,,,,,,,,,,,,,,,,,,,,,,,,,,,,,,,,,,,,,,,,,,,,,,,,,,,,
PuitsP,Source pressure : P0 (Pa),double,100000,Source temperature : T0 (K),double,290,Source specific enthalpy : H0 (J/kg),double,100000,Condition: 1=fixed temperature / 2=fixed enthalpy,integer,1,,,,,,,,,,,,,,,,,,,,,,,,,,,,,,,,,,,,,,,,,,,,,,,,
PULSE_SC,Phase delay (secs) :,double,0.1,Pulse Width (% of period) :,double,30,Period (secs) :,double,1,Amplitude,double,1,,,,,,,,,,,,,,,,,,,,,,,,,,,,,,,,,,,,,,,,,,,,,,,,
QUANT_f,Step,double,0.1,Quantization Type (1-4),integer,1,,,,,,,,,,,,,,,,,,,,,,,,,,,,,,,,,,,,,,,,,,,,,,,,,,,,,,
RAMP,Slope,double,0,Start Time,double,0,Initial Value,double,0,,,,,,,,,,,,,,,,,,,,,,,,,,,,,,,,,,,,,,,,,,,,,,,,,,,
RAND_m,Datatype (1=real double 2=complex),integer,1,flag,boolean,0,A,double,1,B,double,1,SEED,vector of doubles,"[2211,3303270]",,,,,,,,,,,,,,,,,,,,,,,,,,,,,,,,,,,,,,,,,,,,,
RATELIMITER,max slope,integer,0,min slope,integer,-1,,,,,,,,,,,,,,,,,,,,,,,,,,,,,,,,,,,,,,,,,,,,,,,,,,,,,,
READAU_f,Input File Name,filename,test.au,Buffer size,double,20,"Swap Mode (0:No, 1:Yes)",boolean,0,,,,,,,,,,,,,,,,,,,,,,,,,,,,,,,,,,,,,,,,,,,,,,,,,,,
READC_f,Time Record Selection,vector of integers,[],Outputs Record Selection,integer,1,Input File Name,filename,foo,Input Format,string,d,Record Size,double,1,Buffer Size,double,20,Initial Record Index,double,1,"Swap Mode (0:No, 1:Yes)",boolean,0,,,,,,,,,,,,,,,,,,,,,,,,,,,,,,,,,,,,
REGISTER,Register initial condition,vector of integers,0;0;0;0;0;0;0;0;0;0,"Datatype (1=double, 3=int32)",integer,1,,,,,,,,,,,,,,,,,,,,,,,,,,,,,,,,,,,,,,,,,,,,,,,,,,,,,,
RELATIONALOP,"Operator (0:==, 1:~=, 2:<, 3:<=, 4:>, 5:>=)",integer,2,"Use zero-crossing (0=no, 1=yes)",boolean,0,"Datatype (1=double, 3=int32)",integer,1,,,,,,,,,,,,,,,,,,,,,,,,,,,,,,,,,,,,,,,,,,,,,,,,,,,
RELAY_f,number of inputs,double,2,initial connected input,double,1,,,,,,,,,,,,,,,,,,,,,,,,,,,,,,,,,,,,,,,,,,,,,,,,,,,,,,
Resistor,R (ohm),double,0.01,,,,,,,,,,,,,,,,,,,,,,,,,,,,,,,,,,,,,,,,,,,,,,,,,,,,,,,,,
RFILE_f,Time Record Selection,vector of integers,[],Outputs Record Selection,double,1,Input File Name,string,foo,Input Format,string,"(7(e10.3,1x))",Buffer Size,double,2,,,,,,,,,,,,,,,,,,,,,,,,,,,,,,,,,,,,,,,,,,,,,
RICC,"Type (1=cont, 2=disc)",integer,1,"Model (1=schr, 2=sign(cont)/inv(disc))",integer,1,,,,,,,,,,,,,,,,,,,,,,,,,,,,,,,,,,,,,,,,,,,,,,,,,,,,,,
ROOTCOEF,"Datatype (1=real double, 2=complex)",integer,1,Input row size,integer,1,,,,,,,,,,,,,,,,,,,,,,,,,,,,,,,,,,,,,,,,,,,,,,,,,,,,,,
SAMPHOLD_m,Datatype (1=real double 2=Complex 3=int32...),integer,1,,,,,,,,,,,,,,,,,,,,,,,,,,,,,,,,,,,,,,,,,,,,,,,,,,,,,,,,,
SampleCLK,Sample time,double,1,Offset,double,0,,,,,,,,,,,,,,,,,,,,,,,,,,,,,,,,,,,,,,,,,,,,,,,,,,,,,,
SATURATION,Upper limit,integer,1,Lower limit,double,-1,zero crossing,boolean,1,,,,,,,,,,,,,,,,,,,,,,,,,,,,,,,,,,,,,,,,,,,,,,,,,,,
SAWTOOTH_f,-,,,,,,,,,,,,,,,,,,,,,,,,,,,,,,,,,,,,,,,,,,,,,,,,,,,,,,,,,,,
SCALAR2VECTOR,size of output (-1: if don't know),double,-1,,,,,,,,,,,,,,,,,,,,,,,,,,,,,,,,,,,,,,,,,,,,,,,,,,,,,,,,,
scifunc_block_m,Input port sizes,,"[1,1]",Output port sizes,,"[1,1]",Input event ports sizes,,[],Output events ports sizes,,[],Initial continuous state,,[],Initial discrete state,,[],System parameters vector,,[],Initial firing vector (<0 for no firing),,[],"Is block always active (0:no, 1:yes)",,0,,,,,,,,,,,,,,,,,,,,,,,,,,,,,,,,,
SELECT_m,Datatype (1=real double 2=Complex 3=int32..),double,1,number of inputs,double,2,initial connected input,double,1,,,,,,,,,,,,,,,,,,,,,,,,,,,,,,,,,,,,,,,,,,,,,,,,,,,
SELF_SWITCH,-,,,,,,,,,,,,,,,,,,,,,,,,,,,,,,,,,,,,,,,,,,,,,,,,,,,,,,,,,,,
SHIFT,"Data Type (3:int32, 4:int16, 5:int8,...)",integer,3,Number of Bits to Shift Left (Negative number to shift right),integer,0,"Shift Type (0: Arithmetic, 1: Circular)",boolean,0,,,,,,,,,,,,,,,,,,,,,,,,,,,,,,,,,,,,,,,,,,,,,,,,,,,
Sigbuilder,Spline Method (0..7),double,3,x,vector of doubles,"[0,1,2]",y,vector of doubles,"[10,20,-30]",Periodic signal (y/n)?,yesno,y,Launch graphic window (y/n)?,yesno,n,,,,,,,,,,,,,,,,,,,,,,,,,,,,,,,,,,,,,,,,,,,,,
SIGNUM,"Use zero-crossing (0=no, 1=yes)",boolean,1,,,,,,,,,,,,,,,,,,,,,,,,,,,,,,,,,,,,,,,,,,,,,,,,,,,,,,,,,
SINBLK_f,-,,,,,,,,,,,,,,,,,,,,,,,,,,,,,,,,,,,,,,,,,,,,,,,,,,,,,,,,,,,
SineVoltage,Amplitude (Volt),double,1,phase (rad),double,0,Frequency (Hz),double,1,Voltageoffset(V),double,`,Time offset (s),double,0,,,,,,,,,,,,,,,,,,,,,,,,,,,,,,,,,,,,,,,,,,,,,
SOM_f,-,,,,,,,,,,,,,,,,,,,,,,,,,,,,,,,,,,,,,,,,,,,,,,,,,,,,,,,,,,,
SourceP,Pressure : P0 (Pa),double,300000,Temperature : T0 (K),double,290,Specific enthalpy : H0 (J/kg),double,100000,Condition: 1=fixed temperature / 2=fixed enthalpy,double,1,,,,,,,,,,,,,,,,,,,,,,,,,,,,,,,,,,,,,,,,,,,,,,,,
SQRT,"Datatype (1=real double, 2=complex)",integer,1,,,,,,,,,,,,,,,,,,,,,,,,,,,,,,,,,,,,,,,,,,,,,,,,,,,,,,,,,
SRFLIPFLOP,Initial Value,string,int8(0),,,,,,,,,,,,,,,,,,,,,,,,,,,,,,,,,,,,,,,,,,,,,,,,,,,,,,,,,
STEP_FUNCTION,Step Time,double,1,Initial Value,double,0,Final Value,double,1,,,,,,,,,,,,,,,,,,,,,,,,,,,,,,,,,,,,,,,,,,,,,,,,,,,
SUBMAT,"Datatype (1=real double, 2=complex)",integer,1,Starting row index,integer,1,Ending row index,integer,1,Starting column index,integer,1,Ending column index,integer,1,Input dimensions,vector of integers,"[1,1]",,,,,,,,,,,,,,,,,,,,,,,,,,,,,,,,,,,,,,,,,,
SUM_f,-,,,,,,,,,,,,,,,,,,,,,,,,,,,,,,,,,,,,,,,,,,,,,,,,,,,,,,,,,,,
SUMMATION,"Datatype (1=real double, 2=complex, 3=int32)",integer,1,"Number of inputs or sign vector (of +1, -1)",vector of integers,[1;-1],"Do on overflow (0=nothing, 1=saturate, 2=error)",integer,0,,,,,,,,,,,,,,,,,,,,,,,,,,,,,,,,,,,,,,,,,,,,,,,,,,,
SUPER_f,-,,,,,,,,,,,,,,,,,,,,,,,,,,,,,,,,,,,,,,,,,,,,,,,,,,,,,,,,,,,
Switch,Resistance in On state (Ohm),double,0.01,Resistance in Off state (Ohm),double,100000,,,,,,,,,,,,,,,,,,,,,,,,,,,,,,,,,,,,,,,,,,,,,,,,,,,,,,
SWITCH_f,number of inputs,double,2,connected input,double,1,,,,,,,,,,,,,,,,,,,,,,,,,,,,,,,,,,,,,,,,,,,,,,,,,,,,,,
SWITCH2_m,Datatype (1=real double 2=complex 3=int32..),double,1,"pass first input if: u2>=a(0), u2>a(1), u2~=a(2)",integer,0,threshold a,double,0,"use zero crossing: yes(1),no(0)",boolean,1,,,,,,,,,,,,,,,,,,,,,,,,,,,,,,,,,,,,,,,,,,,,,,,,
TANBLK_f,-,,,,,,,,,,,,,,,,,,,,,,,,,,,,,,,,,,,,,,,,,,,,,,,,,,,,,,,,,,,
TCLSS,A matrix,double,0,B matrix,double,1,C matrix,double,1,D matrix,double,0,Initial state,double,0,,,,,,,,,,,,,,,,,,,,,,,,,,,,,,,,,,,,,,,,,,,,,
TEXT_f,-,,,,,,,,,,,,,,,,,,,,,,,,,,,,,,,,,,,,,,,,,,,,,,,,,,,,,,,,,,,
TIME_DELAY,Delay,double,1,Initial input,double,0,Buffer size,double,1024,,,,,,,,,,,,,,,,,,,,,,,,,,,,,,,,,,,,,,,,,,,,,,,,,,,
TIME_f,-,,,,,,,,,,,,,,,,,,,,,,,,,,,,,,,,,,,,,,,,,,,,,,,,,,,,,,,,,,,
TKSCALE,Min value,double,-10,Max value,double,10,Normalization,double,1,,,,,,,,,,,,,,,,,,,,,,,,,,,,,,,,,,,,,,,,,,,,,,,,,,,
TOWS_c,Size of buffer,integer,128,Scilab variable name,string,A,"Inherit (no:0, yes:1)",boolean,0,,,,,,,,,,,,,,,,,,,,,,,,,,,,,,,,,,,,,,,,,,,,,,,,,,,
TRASH_f,-,,,,,,,,,,,,,,,,,,,,,,,,,,,,,,,,,,,,,,,,,,,,,,,,,,,,,,,,,,,
TrigFun,Function,string,sin,,,,,,,,,,,,,,,,,,,,,,,,,,,,,,,,,,,,,,,,,,,,,,,,,,,,,,,,,
VanneReglante,Cvmax,double,8005.42,p_rho,double,0,,,,,,,,,,,,,,,,,,,,,,,,,,,,,,,,,,,,,,,,,,,,,,,,,,,,,,
VARIABLE_DELAY,Max delay,double,1,Initial input,double,0,Buffer size,integer,1024,,,,,,,,,,,,,,,,,,,,,,,,,,,,,,,,,,,,,,,,,,,,,,,,,,,
VariableResistor,-,,,,,,,,,,,,,,,,,,,,,,,,,,,,,,,,,,,,,,,,,,,,,,,,,,,,,,,,,,,
VirtualCLK0,-,,,,,,,,,,,,,,,,,,,,,,,,,,,,,,,,,,,,,,,,,,,,,,,,,,,,,,,,,,,
VoltageSensor,-,,,,,,,,,,,,,,,,,,,,,,,,,,,,,,,,,,,,,,,,,,,,,,,,,,,,,,,,,,,
VsourceAC,Amplitude (Volt),double,220,Frequency (Hz),double,50,,,,,,,,,,,,,,,,,,,,,,,,,,,,,,,,,,,,,,,,,,,,,,,,,,,,,,
VVsourceAC,Frequency (Hz),double,50,,,,,,,,,,,,,,,,,,,,,,,,,,,,,,,,,,,,,,,,,,,,,,,,,,,,,,,,,
WRITEAU_f,Buffer Size,integer,2,"Swap Mode (0:No,1:Yes)",boolean,0,,,,,,,,,,,,,,,,,,,,,,,,,,,,,,,,,,,,,,,,,,,,,,,,,,,,,,
WRITEC_f,Input Size,double,1,Output File Name,filename,foo,Output Format,string,c,Buffer Size,double,2,"Swap Mode (0:No,1:Yes)",boolean,0,,,,,,,,,,,,,,,,,,,,,,,,,,,,,,,,,,,,,,,,,,,,,
ZCROSS_f,Input size,integer,1,,,,,,,,,,,,,,,,,,,,,,,,,,,,,,,,,,,,,,,,,,,,,,,,,,,,,,,,,